敏感词,分类代码,分类说明
123456yy.com,A.1,违反核心价值观(淫秽色情/低俗)
17173jw.com,A.3,商业违法违规(网络黑产/外挂)
18摸,A.1,违反核心价值观(淫秽色情/低俗)
2010年春晚节目单,A.1,违反核心价值观(政治敏感/谣言)
3P,A.1,违反核心价值观(淫秽色情/低俗)
4.25事件,A.1,违反核心价值观(政治敏感/反动)
5.12地震,A.1,违反核心价值观(社会民生/敏感事件)
6.4事件,A.1,违反核心价值观(政治敏感/历史事件)
64惨案,A.1,违反核心价值观(政治敏感/历史事件)
64纪念,A.1,违反核心价值观(政治敏感/历史事件)
64民运,A.1,违反核心价值观(政治敏感/历史事件)
64死难者,A.1,违反核心价值观(政治敏感/历史事件)
64屠杀,A.1,违反核心价值观(政治敏感/历史事件)
64真相,A.1,违反核心价值观(政治敏感/历史事件)
7.5事件,A.1,违反核心价值观(政治敏感/社会事件)
8964,A.1,违反核心价值观(政治敏感/历史事件)
89学潮,A.1,违反核心价值观(政治敏感/历史事件)
9.13事件,A.1,违反核心价值观(政治敏感/历史事件)
A片,A.1,违反核心价值观(淫秽色情/低俗)
Admin,A.3,商业违法违规(网络安全/黑产)
AIDS,A.1,违反核心价值观(特定病患/社会歧视风险)
AK47,A.3,商业违法违规(违禁品/枪支)
AV,A.1,违反核心价值观(淫秽色情/低俗)
AV女优,A.1,违反核心价值观(淫秽色情/低俗)
BlowJobs,A.1,违反核心价值观(淫秽色情/低俗)
B样,A.2,包含歧视性内容(侮辱谩骂)
C4炸药,A.3,商业违法违规(违禁品/爆炸物)
CAO你,A.2,包含歧视性内容(侮辱谩骂)
CNC,A.5,无法满足特定服务类型的安全需求(敏感缩写/网络术语)
CS,A.5,无法满足特定服务类型的安全需求(游戏/网络术语)
DaLai,A.1,违反核心价值观(政治敏感/分裂国家)
DICK,A.1,违反核心价值观(淫秽色情/低俗)
DIY原子弹,A.3,商业违法违规(违禁品/武器制造)
Falun,A.1,违反核心价值观(邪教/法轮功)
Fuck,A.2,包含歧视性内容(侮辱谩骂)
GAMEMASTER,A.3,商业违法违规(网络游戏/黑产)
GCD,A.1,违反核心价值观(政治敏感/党政)
GHB,A.3,商业违法违规(违禁品/迷药毒品)
GM,A.3,商业违法违规(网络游戏/黑产)
HIV,A.1,违反核心价值观(特定病患/社会歧视风险)
H网,A.1,违反核心价值观(淫秽色情/低俗)
J8,A.1,违反核心价值观(淫秽色情/低俗)
JB,A.1,违反核心价值观(淫秽色情/低俗)
K粉,A.3,商业违法违规(违禁品/毒品)
Lihongzhi,A.1,违反核心价值观(邪教/法轮功)
MAKINGLOVE,A.1,违反核心价值观(淫秽色情/低俗)
MDMA,A.3,商业违法违规(违禁品/毒品)
MM,A.1,违反核心价值观(淫秽色情/低俗暗示)
NPC,A.5,无法满足特定服务类型的安全需求(游戏术语/可能误伤)
PK,A.5,无法满足特定服务类型的安全需求(竞争/可能误伤)
PLAYBOY,A.1,违反核心价值观(淫秽色情/低俗)
Porn,A.1,违反核心价值观(淫秽色情/低俗)
QQ刷钻,A.3,商业违法违规(网络黑产/欺诈)
Rape,A.1,违反核心价值观(暴力/淫秽色情)
SB,A.2,包含歧视性内容(侮辱谩骂)
SEX,A.1,违反核心价值观(淫秽色情/低俗)
SF,A.3,商业违法违规(网络黑产/私服)
SM,A.1,违反核心价值观(淫秽色情/变态)
TMD,A.2,包含歧视性内容(侮辱谩骂)
TNT,A.3,商业违法违规(违禁品/爆炸物)
Tibet,A.1,违反核心价值观(政治敏感/分裂国家)
Vip,A.5,无法满足特定服务类型的安全需求(通用词/可能误伤)
VOA,A.1,违反核心价值观(政治敏感/境外媒体)
WG,A.3,商业违法违规(网络黑产/外挂)
WWW,A.5,无法满足特定服务类型的安全需求(网址/可能误伤)
XJP,A.1,违反核心价值观(政治敏感/领导人)
X教,A.1,违反核心价值观(邪教)
ZhuRongji,A.1,违反核心价值观(政治敏感/领导人)
bitch,A.2,包含歧视性内容(侮辱谩骂)
cao,A.2,包含歧视性内容(侮辱谩骂)
cctv,A.1,违反核心价值观(政治敏感/媒体)
falungong,A.1,违反核心价值观(邪教/法轮功)
fuck,A.2,包含歧视性内容(侮辱谩骂)
gcd,A.1,违反核心价值观(政治敏感/党政)
gm,A.3,商业违法违规(网络游戏/黑产)
heroin,A.3,商业违法违规(违禁品/毒品)
hujintao,A.1,违反核心价值观(政治敏感/领导人)
incest,A.1,违反核心价值观(淫秽色情/乱伦)
jiangzemin,A.1,违反核心价值观(政治敏感/领导人)
jiba,A.1,违反核心价值观(淫秽色情/低俗)
kefu,A.3,商业违法违规(商业垃圾/客服)
ketamine,A.3,商业违法违规(违禁品/毒品)
lihongzhi,A.1,违反核心价值观(邪教/法轮功)
maozedong,A.1,违反核心价值观(政治敏感/领导人)
minghui,A.1,违反核心价值观(邪教/法轮功)
naked,A.1,违反核心价值观(淫秽色情/低俗)
nudity,A.1,违反核心价值观(淫秽色情/低俗)
penis,A.1,违反核心价值观(淫秽色情/低俗)
pussy,A.1,违反核心价值观(淫秽色情/低俗)
sex,A.1,违反核心价值观(淫秽色情/低俗)
shit,A.2,包含歧视性内容(侮辱谩骂)
tiananmen,A.1,违反核心价值观(政治敏感/历史事件)
wenjiabao,A.1,违反核心价值观(政治敏感/领导人)
xijinping,A.1,违反核心价值观(政治敏感/领导人)
zhuanfalun,A.1,违反核心价值观(邪教/法轮功)
一中一台,A.1,违反核心价值观(政治敏感/分裂国家)
一夜情,A.1,违反核心价值观(淫秽色情/低俗)
一党专政,A.1,违反核心价值观(政治敏感/反动)
一律删帖,A.1,违反核心价值观(政治敏感/言论控制)
万税,A.1,违反核心价值观(政治敏感/社会讽刺)
三k党,A.1,违反核心价值观(政治敏感/反动组织)
三个代表,A.1,违反核心价值观(政治敏感/党政)
三唑仑,A.3,商业违法违规(违禁品/毒品)
三级片,A.1,违反核心价值观(淫秽色情/低俗)
三退,A.1,违反核心价值观(邪教/法轮功)
三陪,A.1,违反核心价值观(淫秽色情/非法服务)
上访,A.1,违反核心价值观(社会民生/维权)
下台,A.1,违反核心价值观(政治敏感/反动)
不含糊,A.5,无法满足特定服务类型的安全需求(通用词)
专业代考,A.3,商业违法违规(欺诈/考试作弊)
专业办证,A.3,商业违法违规(欺诈/伪造证件)
专业开发票,A.3,商业违法违规(欺诈/非法财务)
世界维吾尔代表大会,A.1,违反核心价值观(政治敏感/分裂国家)
东突,A.1,违反核心价值观(政治敏感/恐怖主义)
东突厥斯坦,A.1,违反核心价值观(政治敏感/恐怖主义)
东方红时空,A.1,违反核心价值观(政治敏感/历史)
严家其,A.1,违反核心价值观(政治敏感/异见人士)
个税,A.5,无法满足特定服务类型的安全需求(通用词/民生)
中俄边界,A.1,违反核心价值观(政治敏感/外交)
中共,A.1,违反核心价值观(政治敏感/党政)
中共中央,A.1,违反核心价值观(政治敏感/党政)
中共腐败,A.1,违反核心价值观(政治敏感/反动)
中功,A.1,违反核心价值观(邪教)
中国共产党,A.1,违反核心价值观(政治敏感/党政)
中国威胁论,A.1,违反核心价值观(政治敏感/反动)
中国工党,A.1,违反核心价值观(政治敏感/非法组织)
中国政府,A.1,违反核心价值观(政治敏感/党政)
中国民主党,A.1,违反核心价值观(政治敏感/非法组织)
中国猪,A.2,包含歧视性内容(民族歧视)
中国社会进步党,A.1,违反核心价值观(政治敏感/非法组织)
中国移动,A.5,无法满足特定服务类型的安全需求(企业名/可能误伤)
中华民国,A.1,违反核心价值观(政治敏感/分裂国家)
中组部,A.1,违反核心价值观(政治敏感/党政)
中宣部,A.1,违反核心价值观(政治敏感/党政)
中南海,A.1,违反核心价值观(政治敏感/地名)
中央电视台,A.1,违反核心价值观(政治敏感/媒体)
丰胸,A.1,违反核心价值观(淫秽色情/医疗广告)
临沂电警棍专卖,A.3,商业违法违规(违禁品/警用器材)
丹增嘉措,A.1,违反核心价值观(政治敏感/达赖喇嘛)
丽春院,A.1,违反核心价值观(淫秽色情/低俗)
主神教,A.1,违反核心价值观(邪教)
九评,A.1,违反核心价值观(邪教/反动宣传)
九评共产党,A.1,违反核心价值观(邪教/反动宣传)
习近平,A.1,违反核心价值观(政治敏感/领导人)
习家军,A.1,违反核心价值观(政治敏感/反动)
买卖枪支,A.3,商业违法违规(违禁品/枪支)
买卖迷药,A.3,商业违法违规(违禁品/毒品)
买官卖官,A.1,违反核心价值观(政治敏感/腐败)
买春,A.1,违反核心价值观(淫秽色情/非法交易)
乱伦,A.1,违反核心价值观(淫秽色情/乱伦)
于幼军,A.1,违反核心价值观(政治敏感/官员)
云南联富,A.3,商业违法违规(非法商业/诈骗)
云雨,A.1,违反核心价值观(淫秽色情/低俗)
互舔,A.1,违反核心价值观(淫秽色情/低俗)
五月天,A.1,违反核心价值观(淫秽色情/色情网站)
五毛,A.1,违反核心价值观(政治敏感/网络术语)
亚情,A.1,违反核心价值观(淫秽色情/色情网站)
亚洲色图,A.1,违反核心价值观(淫秽色情/低俗)
交媾,A.1,违反核心价值观(淫秽色情/低俗)
交警,A.5,无法满足特定服务类型的安全需求(职业/可能误伤)
人权,A.1,违反核心价值观(政治敏感/意识形态)
人民报,A.1,违反核心价值观(政治敏感/反动媒体)
人民日报,A.1,违反核心价值观(政治敏感/媒体)
人体艺术,A.1,违反核心价值观(淫秽色情/低俗)
人肉搜索,A.4,侵犯他人合法权益(隐私)
人行,A.5,无法满足特定服务类型的安全需求(通用词)
什叶派,A.1,违反核心价值观(宗教/可能涉及冲突)
仁波切,A.1,违反核心价值观(宗教/可能涉及藏独)
仇华,A.1,违反核心价值观(政治敏感/反动)
今后打炮花钱,A.1,违反核心价值观(淫秽色情/低俗)
介绍卖淫,A.3,商业违法违规(欺诈/非法色情服务)
从政,A.5,无法满足特定服务类型的安全需求(通用词)
仓井空,A.1,违反核心价值观(淫秽色情/AV女优)
他妈的,A.2,包含歧视性内容(侮辱谩骂)
付申奇,A.1,违反核心价值观(政治敏感/异见人士)
代办,A.3,商业违法违规(欺诈/非法业务)
代办证件,A.3,商业违法违规(欺诈/伪造证件)
代考,A.3,商业违法违规(欺诈/考试作弊)
代考英语,A.3,商业违法违规(欺诈/考试作弊)
令人发指,A.5,无法满足特定服务类型的安全需求(通用词)
令计划,A.1,违反核心价值观(政治敏感/落马官员)
以权谋私,A.1,违反核心价值观(政治敏感/腐败)
伊斯兰,A.1,违反核心价值观(宗教/特定语境敏感)
伊扎布特,A.1,违反核心价值观(政治敏感/恐怖主义)
伍绍祖,A.1,违反核心价值观(政治敏感/官员)
会道门,A.1,违反核心价值观(邪教)
伟哥,A.3,商业违法违规(违禁品/药品)
伪钞,A.3,商业违法违规(欺诈/伪造货币)
伦敦西藏网,A.1,违反核心价值观(政治敏感/分裂国家)
低俗,A.1,违反核心价值观(淫秽色情/文化监管)
住建部,A.1,违反核心价值观(政治敏感/政府机构)
何勇,A.1,违反核心价值观(政治敏感/官员)
何厚铧,A.1,违反核心价值观(政治敏感/官员)
余杰,A.1,违反核心价值观(政治敏感/异见人士)
佛像,A.5,无法满足特定服务类型的安全需求(宗教/通用)
佛教,A.1,违反核心价值观(宗教/特定语境敏感)
作弊,A.3,商业违法违规(欺诈/行为)
作爱,A.1,违反核心价值观(淫秽色情/低俗)
你妈,A.2,包含歧视性内容(侮辱谩骂)
佳静安定片,A.3,商业违法违规(违禁品/毒品)
侦探,A.4,侵犯他人合法权益(隐私)
侦探设备,A.4,侵犯他人合法权益(隐私器材)
供产党,A.1,违反核心价值观(政治敏感/反动变体)
侯德建,A.1,违反核心价值观(政治敏感/历史人物)
侵略,A.1,违反核心价值观(政治敏感/历史)
保钓,A.1,违反核心价值观(政治敏感/社会运动)
信访,A.1,违反核心价值观(政治敏感/社会民生)
修练,A.1,违反核心价值观(邪教/法轮功)
修炼,A.1,违反核心价值观(邪教/法轮功)
俯卧撑,A.1,违反核心价值观(社会民生/瓮安事件隐喻)
倒台,A.1,违反核心价值观(政治敏感/反动)
借腹生子,A.3,商业违法违规(违背伦理/非法交易)
假币,A.3,商业违法违规(欺诈/伪造货币)
假文凭,A.3,商业违法违规(欺诈/伪造证件)
假条,A.3,商业违法违规(欺诈/伪造证件)
假证,A.3,商业违法违规(欺诈/伪造证件)
假钞,A.3,商业违法违规(欺诈/伪造货币)
偏激,A.5,无法满足特定服务类型的安全需求(通用词)
做爱,A.1,违反核心价值观(淫秽色情/低俗)
做鸡,A.1,违反核心价值观(淫秽色情/侮辱)
做鸭,A.1,违反核心价值观(淫秽色情/侮辱)
偷拍,A.4,侵犯他人合法权益(隐私)
偷税,A.3,商业违法违规(违法/经济犯罪)
偷窥,A.4,侵犯他人合法权益(隐私)
傅全有,A.1,违反核心价值观(政治敏感/军方)
催情,A.1,违反核心价值观(淫秽色情/低俗)
催情水,A.3,商业违法违规(违禁品/毒品)
催情药,A.3,商业违法违规(违禁品/毒品)
傲慢,A.5,无法满足特定服务类型的安全需求(通用词)
傻B,A.2,包含歧视性内容(侮辱谩骂)
傻逼,A.2,包含歧视性内容(侮辱谩骂)
僵尸,A.5,无法满足特定服务类型的安全需求(通用词)
元老,A.1,违反核心价值观(政治敏感/党政)
充气娃娃,A.1,违反核心价值观(淫秽色情/成人用品)
充气艳妇,A.1,违反核心价值观(淫秽色情/低俗)
免费A片,A.1,违反核心价值观(淫秽色情/色情网站)
先奸后杀,A.1,违反核心价值观(暴力/恐怖)
党,A.1,违反核心价值观(政治敏感/党政)
党中央,A.1,违反核心价值观(政治敏感/党政)
党内,A.1,违反核心价值观(政治敏感/党政)
党国,A.1,违反核心价值观(政治敏感/反动)
党政,A.1,违反核心价值观(政治敏感/党政)
党校,A.1,违反核心价值观(政治敏感/机构)
党魁,A.1,违反核心价值观(政治敏感/反动)
入党,A.1,违反核心价值观(政治敏感/党政)
全能神,A.1,违反核心价值观(邪教)
全裸,A.1,违反核心价值观(淫秽色情/低俗)
八九,A.1,违反核心价值观(政治敏感/历史事件)
八九学潮,A.1,违反核心价值观(政治敏感/历史事件)
八九民运,A.1,违反核心价值观(政治敏感/历史事件)
公仆,A.1,违反核心价值观(政治敏感/官员)
公安,A.1,违反核心价值观(政治敏感/机构)
公安局,A.1,违反核心价值观(政治敏感/机构)
公审,A.1,违反核心价值观(政治敏感/司法)
公款,A.1,违反核心价值观(政治敏感/反腐)
公款吃喝,A.1,违反核心价值观(政治敏感/反腐)
公款旅游,A.1,违反核心价值观(政治敏感/反腐)
公务员,A.5,无法满足特定服务类型的安全需求(通用词/职业)
公海赌船,A.3,商业违法违规(赌博)
六合彩,A.3,商业违法违规(赌博)
六四,A.1,违反核心价值观(政治敏感/历史事件)
六四事件,A.1,违反核心价值观(政治敏感/历史事件)
六四惨案,A.1,违反核心价值观(政治敏感/历史事件)
共产,A.1,违反核心价值观(政治敏感/意识形态)
共产党,A.1,违反核心价值观(政治敏感/党政)
共匪,A.1,违反核心价值观(政治敏感/反动)
共军,A.1,违反核心价值观(政治敏感/反动)
共奴,A.2,包含歧视性内容(政治侮辱)
共狗,A.2,包含歧视性内容(政治侮辱)
共荣圈,A.1,违反核心价值观(政治敏感/历史)
关押,A.1,违反核心价值观(政治敏感/司法)
兼职,A.3,商业违法违规(非法广告/色情服务暗示)
内射,A.1,违反核心价值观(淫秽色情/低俗)
内斗,A.1,违反核心价值观(政治敏感/党政)
内衣,A.5,无法满足特定服务类型的安全需求(通用词/色情擦边)
冒险岛外挂,A.3,商业违法违规(网络黑产/外挂)
军委,A.1,违反核心价值观(政治敏感/军方)
军妓,A.1,违反核心价值观(淫秽色情/历史)
军队,A.1,违反核心价值观(政治敏感/军方)
军火,A.3,商业违法违规(违禁品/武器)
军用手枪,A.3,商业违法违规(违禁品/枪支)
军长发威,A.1,违反核心价值观(政治敏感/事件)
冰毒,A.3,商业违法违规(违禁品/毒品)
冲锋枪,A.3,商业违法违规(违禁品/枪支)
凌迟,A.1,违反核心价值观(暴力/酷刑)
凌锋,A.1,违反核心价值观(政治敏感/评论员)
凉山,A.5,无法满足特定服务类型的安全需求(地名/可能误伤)
减少,A.5,无法满足特定服务类型的安全需求(通用词)
几乎,A.5,无法满足特定服务类型的安全需求(通用词)
几吧,A.1,违反核心价值观(淫秽色情/低俗)
凡人修仙传,A.5,无法满足特定服务类型的安全需求(小说名/可能误伤)
凤姐,A.1,违反核心价值观(社会民生/网红)
凯迪,A.1,违反核心价值观(政治敏感/论坛)
出台,A.1,违反核心价值观(淫秽色情/色情服务)
出售,A.3,商业违法违规(非法广告/交易)
出售K粉,A.3,商业违法违规(违禁品/毒品)
出售冰毒,A.3,商业违法违规(违禁品/毒品)
出售发票,A.3,商业违法违规(欺诈/非法财务)
出售手枪,A.3,商业违法违规(违禁品/枪支)
出售枪支,A.3,商业违法违规(违禁品/枪支)
出售答案,A.3,商业违法违规(欺诈/考试作弊)
出卖,A.5,无法满足特定服务类型的安全需求(通用词)
击毙,A.1,违反核心价值观(暴力)
刁进平,A.1,违反核心价值观(政治敏感/领导人谐音)
刀具,A.3,商业违法违规(违禁品/管制刀具)
切听器,A.4,侵犯他人合法权益(隐私器材)
刑讯逼供,A.1,违反核心价值观(政治敏感/司法黑暗)
划款,A.3,商业违法违规(欺诈/电信诈骗)
刘云山,A.1,违反核心价值观(政治敏感/领导人)
刘华清,A.1,违反核心价值观(政治敏感/领导人)
刘少奇,A.1,违反核心价值观(政治敏感/领导人)
刘延东,A.1,违反核心价值观(政治敏感/领导人)
刘志军,A.1,违反核心价值观(政治敏感/落马官员)
刘晓波,A.1,违反核心价值观(政治敏感/异见人士)
刘淇,A.1,违反核心价值观(政治敏感/官员)
刘项,A.5,无法满足特定服务类型的安全需求(历史人物/可能误伤)
刚刚,A.5,无法满足特定服务类型的安全需求(通用词)
制服诱惑,A.1,违反核心价值观(淫秽色情/低俗)
刺刀,A.3,商业违法违规(违禁品/武器)
削骨,A.1,违反核心价值观(社会民生/整容风险)
前列腺,A.1,违反核心价值观(淫秽色情/医疗广告)
剥夺,A.1,违反核心价值观(政治敏感/人权)
剪刀,A.5,无法满足特定服务类型的安全需求(通用词)
割让,A.1,违反核心价值观(政治敏感/领土)
力作,A.5,无法满足特定服务类型的安全需求(通用词)
办证,A.3,商业违法违规(欺诈/非法广告)
办证刻章,A.3,商业违法违规(欺诈/非法广告)
功友,A.1,违反核心价值观(邪教/法轮功)
功法,A.1,违反核心价值观(邪教/法轮功)
加勒比海盗,A.5,无法满足特定服务类型的安全需求(电影/可能误伤)
助考,A.3,商业违法违规(欺诈/考试作弊)
劫持,A.1,违反核心价值观(暴力/犯罪)
勃起,A.1,违反核心价值观(淫秽色情/低俗)
包二奶,A.1,违反核心价值观(淫秽色情/腐败)
包养,A.1,违反核心价值观(淫秽色情/腐败)
包夜,A.1,违反核心价值观(淫秽色情/色情服务)
北京之春,A.1,违反核心价值观(政治敏感/民运)
北戴河,A.1,违反核心价值观(政治敏感/会议)
医托,A.3,商业违法违规(欺诈/非法医疗)
十八大,A.1,违反核心价值观(政治敏感/会议)
十八摸,A.1,违反核心价值观(淫秽色情/低俗)
十类,A.5,无法满足特定服务类型的安全需求(通用词)
千术,A.3,商业违法违规(赌博/欺诈)
升达,A.5,无法满足特定服务类型的安全需求(学校名/可能误伤)
华国锋,A.1,违反核心价值观(政治敏感/领导人)
华建敏,A.1,违反核心价值观(政治敏感/官员)
单双,A.3,商业违法违规(赌博)
卖淫,A.1,违反核心价值观(淫秽色情/违法行为)
卖肾,A.3,商业违法违规(商业违法/人体器官买卖)
南京大屠杀,A.1,违反核心价值观(政治敏感/历史)
南华早报,A.1,违反核心价值观(政治敏感/媒体)
博彩,A.3,商业违法违规(赌博)
博讯,A.1,违反核心价值观(政治敏感/境外网站)
卜,A.5,无法满足特定服务类型的安全需求(通用词)
卡宾枪,A.3,商业违法违规(违禁品/枪支)
卢跃刚,A.1,违反核心价值观(政治敏感/记者)
卫生部,A.1,违反核心价值观(政治敏感/政府机构)
卫星接收器,A.3,商业违法违规(违禁品/非法设备)
印尼排华,A.1,违反核心价值观(政治敏感/历史事件)
危害国家安全,A.1,违反核心价值观(政治敏感/法律)
危改,A.1,违反核心价值观(政治敏感/社会民生)
卵子,A.3,商业违法违规(非法交易/人体器官)
卷烟,A.3,商业违法违规(非法交易/烟草)
厄运,A.5,无法满足特定服务类型的安全需求(迷信)
原味内衣,A.1,违反核心价值观(淫秽色情/变态)
原子弹,A.3,商业违法违规(违禁品/武器)
去你妈,A.2,包含歧视性内容(侮辱谩骂)
参与,A.5,无法满足特定服务类型的安全需求(通用词)
参考消息,A.1,违反核心价值观(政治敏感/媒体)
双规,A.1,违反核心价值观(政治敏感/反腐)
反动,A.1,违反核心价值观(政治敏感/定性)
反华,A.1,违反核心价值观(政治敏感/意识形态)
反叛,A.1,违反核心价值观(政治敏感/意识形态)
反右,A.1,违反核心价值观(政治敏感/历史)
反响,A.5,无法满足特定服务类型的安全需求(通用词)
反党,A.1,违反核心价值观(政治敏感/反动)
反共,A.1,违反核心价值观(政治敏感/反动)
反弹,A.5,无法满足特定服务类型的安全需求(通用词)
反日,A.1,违反核心价值观(政治敏感/民族主义)
反美,A.1,违反核心价值观(政治敏感/民族主义)
发帖,A.1,违反核心价值观(政治敏感/网络水军)
发愣,A.5,无法满足特定服务类型的安全需求(通用词/法轮功变体)
发票,A.3,商业违法违规(欺诈/非法财务)
发轮,A.1,违反核心价值观(邪教/法轮功变体)
发骚,A.1,违反核心价值观(淫秽色情/低俗)
受贿,A.1,违反核心价值观(政治敏感/腐败)
变态,A.1,违反核心价值观(淫秽色情/低俗)
变牌,A.3,商业违法违规(赌博/作弊)
口交,A.1,违反核心价值观(淫秽色情/低俗)
口活,A.1,违反核心价值观(淫秽色情/低俗)
古柯,A.3,商业违法违规(违禁品/毒品)
古惑仔,A.1,违反核心价值观(暴力/黑社会)
只身,A.5,无法满足特定服务类型的安全需求(通用词)
叫床,A.1,违反核心价值观(淫秽色情/低俗)
叫鸡,A.1,违反核心价值观(淫秽色情/非法服务)
叮丙诺啡,A.3,商业违法违规(违禁品/毒品)
可卡因,A.3,商业违法违规(违禁品/毒品)
可待因,A.3,商业违法违规(违禁品/毒品)
台独,A.1,违反核心价值观(政治敏感/分裂国家)
台盟,A.1,违反核心价值观(政治敏感/党派)
台联,A.1,违反核心价值观(政治敏感/党派)
台湾,A.1,违反核心价值观(政治敏感/地区)
台湾国,A.1,违反核心价值观(政治敏感/分裂国家)
台湾独立,A.1,违反核心价值观(政治敏感/分裂国家)
史莱姆,A.5,无法满足特定服务类型的安全需求(游戏/可能误伤)
叶剑英,A.1,违反核心价值观(政治敏感/领导人)
司徒华,A.1,违反核心价值观(政治敏感/香港政治人物)
吃奶,A.1,违反核心价值观(淫秽色情/低俗)
吃精,A.1,违反核心价值观(淫秽色情/低俗)
合作,A.5,无法满足特定服务类型的安全需求(通用词)
合数,A.3,商业违法违规(赌博)
吉大,A.5,无法满足特定服务类型的安全需求(学校/可能误伤)
吊死,A.1,违反核心价值观(暴力/自杀)
同城一夜情,A.1,违反核心价值观(淫秽色情/低俗)
同居,A.1,违反核心价值观(淫秽色情/低俗)
同志,A.1,违反核心价值观(淫秽色情/同性恋)
名器,A.1,违反核心价值观(淫秽色情/成人用品)
后宫,A.1,违反核心价值观(淫秽色情/小说分类)
后庭,A.1,违反核心价值观(淫秽色情/低俗)
吐血,A.5,无法满足特定服务类型的安全需求(通用词)
向往,A.5,无法满足特定服务类型的安全需求(通用词)
君主,A.5,无法满足特定服务类型的安全需求(通用词)
吞精,A.1,违反核心价值观(淫秽色情/低俗)
吟叫,A.1,违反核心价值观(淫秽色情/低俗)
否认,A.5,无法满足特定服务类型的安全需求(通用词)
含住,A.1,违反核心价值观(淫秽色情/低俗)
含春,A.1,违反核心价值观(淫秽色情/低俗)
听话水,A.3,商业违法违规(违禁品/迷药)
启事,A.5,无法满足特定服务类型的安全需求(通用词)
吴仪,A.1,违反核心价值观(政治敏感/领导人)
吴官正,A.1,违反核心价值观(政治敏感/领导人)
吴帮国,A.1,违反核心价值观(政治敏感/领导人谐音)
吴邦国,A.1,违反核心价值观(政治敏感/领导人)
吸毒,A.3,商业违法违规(违禁品/吸食毒品)
吹箫,A.1,违反核心价值观(淫秽色情/低俗)
吾尔开希,A.1,违反核心价值观(政治敏感/民运人士)
周恩来,A.1,违反核心价值观(政治敏感/领导人)
周永康,A.1,违反核心价值观(政治敏感/落马官员)
呻吟,A.1,违反核心价值观(淫秽色情/低俗)
味精,A.5,无法满足特定服务类型的安全需求(通用词)
呼吁,A.1,违反核心价值观(政治敏感/维权)
命案,A.1,违反核心价值观(暴力/犯罪)
和弦,A.5,无法满足特定服务类型的安全需求(通用词)
和谐,A.1,违反核心价值观(政治敏感/讽刺)
咸网,A.1,违反核心价值观(淫秽色情/网站)
品色,A.1,违反核心价值观(淫秽色情/低俗)
哈嘛,A.1,违反核心价值观(政治敏感/领导人绰号)
哨兵,A.5,无法满足特定服务类型的安全需求(通用词)
唐家璇,A.1,违反核心价值观(政治敏感/官员)
售假,A.3,商业违法违规(欺诈/非法业务)
售枪,A.3,商业违法违规(违禁品/枪支)
商机,A.5,无法满足特定服务类型的安全需求(通用词)
啊,A.5,无法满足特定服务类型的安全需求(通用词)
啪啪啪,A.1,违反核心价值观(淫秽色情/隐晦用语)
善恶有报,A.1,违反核心价值观(邪教/法轮功用语)
喇嘛,A.1,违反核心价值观(政治敏感/藏传佛教)
喜新厌旧,A.5,无法满足特定服务类型的安全需求(通用词)
喝茶,A.1,违反核心价值观(政治敏感/被调查)
单双,A.3,商业违法违规(赌博)
嗨药,A.3,商业违法违规(违禁品/毒品)
嘉门,A.5,无法满足特定服务类型的安全需求(人名/可能误伤)
嗡安,A.1,违反核心价值观(政治敏感/瓮安事件变体)
嘛呢,A.5,无法满足特定服务类型的安全需求(通用词)
嘴巴,A.5,无法满足特定服务类型的安全需求(通用词)
器械,A.3,商业违法违规(违禁品/管制器械)
噩梦,A.5,无法满足特定服务类型的安全需求(通用词)
囚犯,A.1,违反核心价值观(暴力/犯罪)
四川地震,A.1,违反核心价值观(社会民生/敏感事件)
四川独立,A.1,违反核心价值观(政治敏感/分裂国家)
回回,A.2,包含歧视性内容(民族歧视)
回良玉,A.1,违反核心价值观(政治敏感/领导人)
团派,A.1,违反核心价值观(政治敏感/党派)
固定,A.5,无法满足特定服务类型的安全需求(通用词)
国土,A.1,违反核心价值观(政治敏感/领土完整)
国内,A.5,无法满足特定服务类型的安全需求(通用词)
国产,A.5,无法满足特定服务类型的安全需求(通用词)
国安,A.1,违反核心价值观(政治敏感/机构)
国安局,A.1,违反核心价值观(政治敏感/机构)
国徽,A.1,违反核心价值观(政治敏感/国家象征)
国旗,A.1,违反核心价值观(政治敏感/国家象征)
国民党,A.1,违反核心价值观(政治敏感/政党)
国母,A.1,违反核心价值观(政治敏感/特定指代)
国父,A.1,违反核心价值观(政治敏感/特定指代)
国税,A.5,无法满足特定服务类型的安全需求(政府机构)
国家,A.1,违反核心价值观(政治敏感/国家安全)
国家主席,A.1,违反核心价值观(政治敏感/职务)
国家机密,A.1,违反核心价值观(政治敏感/保密)
围攻,A.1,违反核心价值观(暴力/群体事件)
图章,A.3,商业违法违规(欺诈/伪造印章)
圆满,A.1,违反核心价值观(邪教/法轮功用语)
圣战,A.1,违反核心价值观(政治敏感/恐怖主义)
地下,A.3,商业违法违规(非法/隐蔽)
地下六合彩,A.3,商业违法违规(赌博)
地主,A.1,违反核心价值观(政治敏感/历史成分)
地税,A.5,无法满足特定服务类型的安全需求(政府机构)
地震,A.1,违反核心价值观(社会民生/灾害)
坏蛋,A.5,无法满足特定服务类型的安全需求(通用词)
坐台,A.1,违反核心价值观(淫秽色情/色情服务)
坐庄,A.3,商业违法违规(赌博)
坎儿,A.5,无法满足特定服务类型的安全需求(通用词)
坦克,A.1,违反核心价值观(政治敏感/六四相关)
垃圾,A.2,包含歧视性内容(辱骂)
埃托啡,A.3,商业违法违规(违禁品/毒品)
城管,A.1,违反核心价值观(社会民生/争议职业)
基督教,A.1,违反核心价值观(宗教)
基督徒,A.1,违反核心价值观(宗教)
堵得,A.5,无法满足特定服务类型的安全需求(通用词)
塑胶炸弹,A.3,商业违法违规(违禁品/爆炸物)
塔利班,A.1,违反核心价值观(政治敏感/恐怖组织)
塘沽,A.5,无法满足特定服务类型的安全需求(地名)
墓碑,A.5,无法满足特定服务类型的安全需求(通用词)
增值税,A.3,商业违法违规(欺诈/非法发票)
增大,A.1,违反核心价值观(淫秽色情/药品广告)
墨索里尼,A.1,违反核心价值观(政治敏感/法西斯)
壮阳,A.1,违反核心价值观(淫秽色情/药品广告)
壹贰,A.5,无法满足特定服务类型的安全需求(通用词)
复仇,A.1,违反核心价值观(暴力)
复兴,A.1,违反核心价值观(政治敏感/口号)
夏业良,A.1,违反核心价值观(政治敏感/异见人士)
外挂,A.3,商业违法违规(网络黑产/外挂)
多党,A.1,违反核心价值观(政治敏感/政体)
多维,A.1,违反核心价值观(政治敏感/境外媒体)
夜情,A.1,违反核心价值观(淫秽色情/低俗)
夜总会,A.1,违反核心价值观(淫秽色情/娱乐场所)
大乳,A.1,违反核心价值观(淫秽色情/低俗)
大参考,A.1,违反核心价值观(政治敏感/媒体)
大师,A.1,违反核心价值观(邪教/李洪志)
大庆,A.5,无法满足特定服务类型的安全需求(地名/可能误伤)
大志,A.5,无法满足特定服务类型的安全需求(通用词)
大批,A.5,无法满足特定服务类型的安全需求(通用词)
大搞,A.5,无法满足特定服务类型的安全需求(通用词)
大法,A.1,违反核心价值观(邪教/法轮功)
大法弟子,A.1,违反核心价值观(邪教/法轮功)
大波,A.1,违反核心价值观(淫秽色情/低俗)
大烟,A.3,商业违法违规(违禁品/毒品)
大片,A.1,违反核心价值观(淫秽色情/色情视频)
大盖帽,A.1,违反核心价值观(政治敏感/执法人员)
大纪元,A.1,违反核心价值观(邪教/法轮功媒体)
大陆,A.1,违反核心价值观(政治敏感/两岸关系)
大麻,A.3,商业违法违规(违禁品/毒品)
天安门,A.1,违反核心价值观(政治敏感/地点)
天安门事件,A.1,违反核心价值观(政治敏感/历史事件)
天安门母亲,A.1,违反核心价值观(政治敏感/群体)
天葬,A.1,违反核心价值观(宗教/习俗)
太监,A.2,包含歧视性内容(侮辱)
太子党,A.1,违反核心价值观(政治敏感/高干子弟)
失身,A.1,违反核心价值观(淫秽色情/低俗)
头目,A.1,违反核心价值观(政治敏感/犯罪)
夸大,A.5,无法满足特定服务类型的安全需求(通用词)
奇闻,A.5,无法满足特定服务类型的安全需求(通用词)
奈美,A.1,违反核心价值观(淫秽色情/AV女优)
奔驰,A.5,无法满足特定服务类型的安全需求(品牌/可能误伤)
套牌,A.3,商业违法违规(欺诈/车辆违规)
奥巴马,A.1,违反核心价值观(政治敏感/外国领导人)
奥运,A.1,违反核心价值观(政治敏感/大型活动)
女优,A.1,违反核心价值观(淫秽色情/AV演员)
女佣,A.1,违反核心价值观(淫秽色情/角色扮演)
女奴,A.1,违反核心价值观(淫秽色情/SM)
奶子,A.1,违反核心价值观(淫秽色情/低俗)
奶奶,A.5,无法满足特定服务类型的安全需求(称谓/可能误伤)
奶头,A.1,违反核心价值观(淫秽色情/低俗)
奸尸,A.1,违反核心价值观(淫秽色情/变态)
奸幼,A.1,违反核心价值观(淫秽色情/犯罪)
奸淫,A.1,违反核心价值观(淫秽色情/犯罪)
她妈,A.2,包含歧视性内容(侮辱谩骂)
好爽,A.1,违反核心价值观(淫秽色情/低俗)
如来,A.5,无法满足特定服务类型的安全需求(宗教)
妈B,A.2,包含歧视性内容(侮辱谩骂)
妈的,A.2,包含歧视性内容(侮辱谩骂)
妈妈,A.5,无法满足特定服务类型的安全需求(称谓)
妓女,A.1,违反核心价值观(淫秽色情/职业)
妓院,A.1,违反核心价值观(淫秽色情/场所)
妖孽,A.5,无法满足特定服务类型的安全需求(通用词)
妙龄,A.1,违反核心价值观(淫秽色情/色情描述)
姜春云,A.1,违反核心价值观(政治敏感/官员)
姨妈,A.5,无法满足特定服务类型的安全需求(称谓)
威而刚,A.3,商业违法违规(违禁品/药品)
娃娃,A.5,无法满足特定服务类型的安全需求(通用词)
娱乐城,A.1,违反核心价值观(淫秽色情/娱乐场所)
婊子,A.2,包含歧视性内容(侮辱谩骂)
媳妇,A.5,无法满足特定服务类型的安全需求(称谓)
嫖客,A.1,违反核心价值观(淫秽色情/非法行为)
嫖宿,A.1,违反核心价值观(淫秽色情/非法行为)
嫖娼,A.1,违反核心价值观(淫秽色情/非法行为)
嫩穴,A.1,违反核心价值观(淫秽色情/低俗)
孔子,A.5,无法满足特定服务类型的安全需求(历史人物)
孕妇,A.5,无法满足特定服务类型的安全需求(通用词)
存单,A.3,商业违法违规(欺诈/金融)
孙中山,A.1,违反核心价值观(政治敏感/历史人物)
孙志刚,A.1,违反核心价值观(政治敏感/社会事件)
孙文,A.1,违反核心价值观(政治敏感/历史人物)
学历,A.3,商业违法违规(欺诈/办证)
学位证,A.3,商业违法违规(欺诈/办证)
学潮,A.1,违反核心价值观(政治敏感/历史事件)
学运,A.1,违反核心价值观(政治敏感/历史事件)
宁次,A.1,违反核心价值观(政治敏感/战犯)
安南,A.1,违反核心价值观(政治敏感/联合国前秘书长)
安定片,A.3,商业违法违规(违禁品/药品)
安局,A.1,违反核心价值观(政治敏感/机构简称)
安眠药,A.3,商业违法违规(违禁品/药品)
安立,A.5,无法满足特定服务类型的安全需求(通用词)
安纳咖,A.3,商业违法违规(违禁品/毒品)
宋平,A.1,违反核心价值观(政治敏感/元老)
宋楚瑜,A.1,违反核心价值观(政治敏感/台湾政治人物)
宋祖英,A.1,违反核心价值观(政治敏感/关联人物)
宏志,A.5,无法满足特定服务类型的安全需求(通用词)
宗教,A.1,违反核心价值观(宗教/敏感话题)
官商,A.1,违反核心价值观(政治敏感/腐败)
官场,A.1,违反核心价值观(政治敏感/腐败)
定做,A.3,商业违法违规(非法业务)
定位器,A.4,侵犯他人合法权益(隐私器材)
宝马,A.5,无法满足特定服务类型的安全需求(品牌/可能误伤)
实名,A.5,无法满足特定服务类型的安全需求(网络管理)
宣传,A.1,违反核心价值观(政治敏感/意识形态)
宣扬,A.1,违反核心价值观(政治敏感/意识形态)
宪章,A.1,违反核心价值观(政治敏感/零八宪章)
宫廷,A.5,无法满足特定服务类型的安全需求(通用词)
宰相,A.5,无法满足特定服务类型的安全需求(通用词)
害人,A.5,无法满足特定服务类型的安全需求(通用词)
害死,A.5,无法满足特定服务类型的安全需求(通用词)
家属,A.5,无法满足特定服务类型的安全需求(通用词)
家族,A.5,无法满足特定服务类型的安全需求(通用词)
容基,A.1,违反核心价值观(政治敏感/领导人名字)
宽衣,A.1,违反核心价值观(政治敏感/口误梗或色情)
密码,A.3,商业违法违规(网络黑产/盗号)
密穴,A.1,违反核心价值观(淫秽色情/低俗)
富豪,A.5,无法满足特定服务类型的安全需求(通用词)
寒假,A.5,无法满足特定服务类型的安全需求(通用词)
对冲,A.5,无法满足特定服务类型的安全需求(金融)
对抗,A.1,违反核心价值观(政治敏感/冲突)
寻欢,A.1,违反核心价值观(淫秽色情/低俗)
导火索,A.1,违反核心价值观(政治敏感/事件)
寿险,A.3,商业违法违规(商业垃圾/保险)
射精,A.1,违反核心价值观(淫秽色情/低俗)
将军,A.1,违反核心价值观(政治敏感/军方)
专制,A.1,违反核心价值观(政治敏感/反动)
专卖,A.3,商业违法违规(非法业务)
尉健行,A.1,违反核心价值观(政治敏感/领导人)
小泉,A.1,违反核心价值观(政治敏感/日本前首相)
小穴,A.1,违反核心价值观(淫秽色情/低俗)
小姐,A.1,违反核心价值观(淫秽色情/非法服务)
少妇,A.1,违反核心价值观(淫秽色情/低俗)
少年阿宾,A.1,违反核心价值观(淫秽色情/小说)
尖叫,A.1,违反核心价值观(淫秽色情/低俗)
尚昆,A.1,违反核心价值观(政治敏感/领导人名字)
尤物,A.1,违反核心价值观(淫秽色情/低俗)
就去爱,A.1,违反核心价值观(淫秽色情/色情网站)
尸体,A.1,违反核心价值观(暴力/恐怖)
屁眼,A.2,包含歧视性内容(侮辱)
屁股,A.1,违反核心价值观(淫秽色情/低俗)
层出,A.5,无法满足特定服务类型的安全需求(通用词)
屌,A.1,违反核心价值观(淫秽色情/低俗)
屄,A.1,违反核心价值观(淫秽色情/低俗)
山寨,A.5,无法满足特定服务类型的安全需求(通用词)
岚清,A.1,违反核心价值观(政治敏感/领导人名字)
岩崎,A.5,无法满足特定服务类型的安全需求(人名)
岳飞,A.5,无法满足特定服务类型的安全需求(历史人物)
工会,A.1,违反核心价值观(政治敏感/组织)
左派,A.1,违反核心价值观(政治敏感/意识形态)
巨乳,A.1,违反核心价值观(淫秽色情/低俗)
巫山,A.1,违反核心价值观(淫秽色情/隐喻)
差人,A.1,违反核心价值观(政治敏感/警察)
巴比妥,A.3,商业违法违规(违禁品/毒品)
希拉克,A.1,违反核心价值观(政治敏感/外国领导人)
帕萨特,A.5,无法满足特定服务类型的安全需求(车型)
帝王,A.5,无法满足特定服务类型的安全需求(通用词)
带套,A.1,违反核心价值观(淫秽色情/低俗)
帮派,A.1,违反核心价值观(暴力/黑社会)
幕后,A.5,无法满足特定服务类型的安全需求(通用词)
干部,A.1,违反核心价值观(政治敏感/官员)
干爹,A.1,违反核心价值观(淫秽色情/隐喻)
平反,A.1,违反核心价值观(政治敏感/历史事件)
年检,A.3,商业违法违规(非法业务/代办)
幸存,A.5,无法满足特定服务类型的安全需求(通用词)
幼女,A.1,违反核心价值观(淫秽色情/犯罪)
幽会,A.1,违反核心价值观(淫秽色情/低俗)
广场,A.1,违反核心价值观(政治敏感/天安门广场)
庄家,A.3,商业违法违规(赌博)
庆红,A.1,违反核心价值观(政治敏感/领导人名字)
废话,A.5,无法满足特定服务类型的安全需求(通用词)
庭审,A.1,违反核心价值观(政治敏感/司法)
廉政,A.1,违反核心价值观(政治敏感/反腐)
廖承志,A.1,违反核心价值观(政治敏感/官员)
延时,A.3,商业违法违规(违禁品/保健品)
廷发,A.1,违反核心价值观(政治敏感/官员名字)
建国,A.1,违反核心价值观(政治敏感/历史)
开奖,A.3,商业违法违规(赌博/彩票)
开发票,A.3,商业违法违规(欺诈/非法财务)
开苞,A.1,违反核心价值观(淫秽色情/低俗)
开锁,A.3,商业违法违规(非法业务)
异议,A.1,违反核心价值观(政治敏感/异见人士)
弄死,A.1,违反核心价值观(暴力/威胁)
张万年,A.1,违反核心价值观(政治敏感/军方)
张德江,A.1,违反核心价值观(政治敏感/领导人)
张春桥,A.1,违反核心价值观(政治敏感/四人帮)
张高丽,A.1,违反核心价值观(政治敏感/领导人)
强奸,A.1,违反核心价值观(淫秽色情/犯罪)
强拆,A.1,违反核心价值观(社会民生/暴力)
强暴,A.1,违反核心价值观(淫秽色情/犯罪)
归还,A.5,无法满足特定服务类型的安全需求(通用词)
当官,A.1,违反核心价值观(政治敏感/官员)
录音,A.4,侵犯他人合法权益(隐私)
形意,A.5,无法满足特定服务类型的安全需求(通用词)
彩票,A.3,商业违法违规(赌博)
彭丽媛,A.1,违反核心价值观(政治敏感/第一夫人)
彭德怀,A.1,违反核心价值观(政治敏感/元帅)
彭真,A.1,违反核心价值观(政治敏感/元老)
徐才厚,A.1,违反核心价值观(政治敏感/落马军头)
徐向前,A.1,违反核心价值观(政治敏感/元帅)
徐匡迪,A.1,违反核心价值观(政治敏感/官员)
徐特立,A.1,违反核心价值观(政治敏感/历史人物)
徒刑,A.1,违反核心价值观(政治敏感/司法)
得志,A.5,无法满足特定服务类型的安全需求(通用词)
律师,A.1,违反核心价值观(政治敏感/维权律师)
微冲,A.3,商业违法违规(违禁品/枪支)
德江,A.1,违反核心价值观(政治敏感/领导人名字)
心惊,A.5,无法满足特定服务类型的安全需求(通用词)
忍法,A.5,无法满足特定服务类型的安全需求(游戏/动漫)
志明,A.5,无法满足特定服务类型的安全需求(通用词)
快乐,A.5,无法满足特定服务类型的安全需求(通用词)
快感,A.1,违反核心价值观(淫秽色情/低俗)
快播,A.1,违反核心价值观(淫秽色情/播放器)
性交,A.1,违反核心价值观(淫秽色情/低俗)
性伴侣,A.1,违反核心价值观(淫秽色情/低俗)
性侵,A.1,违反核心价值观(淫秽色情/犯罪)
性奴,A.1,违反核心价值观(淫秽色情/变态)
性学,A.1,违反核心价值观(淫秽色情/学术)
性孽,A.1,违反核心价值观(淫秽色情/变态)
性爱,A.1,违反核心价值观(淫秽色情/低俗)
性病,A.3,商业违法违规(医疗广告)
性福,A.1,违反核心价值观(淫秽色情/低俗)
性药,A.3,商业违法违规(违禁品/药品)
性虐,A.1,违反核心价值观(淫秽色情/SM)
恐吓,A.1,违反核心价值观(暴力/威胁)
恐怖,A.1,违反核心价值观(政治敏感/恐怖主义)
恐龙,A.2,包含歧视性内容(外貌歧视)
恒指,A.3,商业违法违规(金融/赌博)
恩格斯,A.1,违反核心价值观(政治敏感/历史人物)
恶心,A.2,包含歧视性内容(辱骂)
恶搞,A.1,违反核心价值观(政治敏感/侮辱)
恶棍,A.2,包含歧视性内容(辱骂)
恶警,A.1,违反核心价值观(政治敏感/仇警)
情书,A.5,无法满足特定服务类型的安全需求(通用词)
情人,A.1,违反核心价值观(淫秽色情/婚外情)
情妇,A.1,违反核心价值观(淫秽色情/腐败)
情色,A.1,违反核心价值观(淫秽色情/低俗)
惊人,A.5,无法满足特定服务类型的安全需求(通用词)
惨案,A.1,违反核心价值观(政治敏感/事件)
惩罚,A.5,无法满足特定服务类型的安全需求(通用词)
怀疑,A.5,无法满足特定服务类型的安全需求(通用词)
性欲,A.1,违反核心价值观(淫秽色情/低俗)
总书记,A.1,违反核心价值观(政治敏感/职务)
总理,A.1,违反核心价值观(政治敏感/职务)
总统,A.1,违反核心价值观(政治敏感/职务)
恐怖主义,A.1,违反核心价值观(政治敏感/恐怖主义)
恐怖分子,A.1,违反核心价值观(政治敏感/恐怖主义)
恶魔,A.5,无法满足特定服务类型的安全需求(通用词)
悬案,A.5,无法满足特定服务类型的安全需求(通用词)
想念,A.5,无法满足特定服务类型的安全需求(通用词)
意淫,A.1,违反核心价值观(淫秽色情/低俗)
感性,A.5,无法满足特定服务类型的安全需求(通用词)
慰安妇,A.1,违反核心价值观(政治敏感/历史)
成人,A.1,违反核心价值观(淫秽色情/分类)
戒指,A.5,无法满足特定服务类型的安全需求(通用词)
戒严,A.1,违反核心价值观(政治敏感/历史)
戒毒,A.5,无法满足特定服务类型的安全需求(社会民生)
我操,A.2,包含歧视性内容(侮辱谩骂)
我的奋斗,A.1,违反核心价值观(政治敏感/希特勒)
战乱,A.1,违反核心价值观(政治敏感/冲突)
战备,A.1,违反核心价值观(政治敏感/军事)
截访,A.1,违反核心价值观(政治敏感/维权)
戴安,A.5,无法满足特定服务类型的安全需求(人名)
戴套,A.1,违反核心价值观(淫秽色情/低俗)
戴海静,A.1,违反核心价值观(政治敏感/案件)
房事,A.1,违反核心价值观(淫秽色情/低俗)
房子,A.5,无法满足特定服务类型的安全需求(通用词)
手枪,A.3,商业违法违规(违禁品/枪支)
手淫,A.1,违反核心价值观(淫秽色情/低俗)
打倒,A.1,违反核心价值观(政治敏感/反动)
打压,A.1,违反核心价值观(政治敏感/维权)
打炮,A.1,违反核心价值观(淫秽色情/低俗)
打砸抢,A.1,违反核心价值观(政治敏感/暴乱)
扣扣,A.3,商业违法违规(网络黑产/账号交易)
托福,A.3,商业违法违规(欺诈/代考)
执政,A.1,违反核心价值观(政治敏感/党政)
扩招,A.5,无法满足特定服务类型的安全需求(教育)
扫黄,A.1,违反核心价值观(政治敏感/社会治理)
找小姐,A.1,违反核心价值观(淫秽色情/非法服务)
抗暴,A.1,违反核心价值观(政治敏感/反抗)
抗议,A.1,违反核心价值观(政治敏感/游行)
抚摸,A.1,违反核心价值观(淫秽色情/低俗)
抢劫,A.1,违反核心价值观(暴力/犯罪)
护法,A.1,违反核心价值观(邪教/法轮功)
报名,A.5,无法满足特定服务类型的安全需求(通用词)
报复,A.1,违反核心价值观(暴力/威胁)
报纸,A.5,无法满足特定服务类型的安全需求(通用词)
押小,A.3,商业违法违规(赌博)
抽插,A.1,违反核心价值观(淫秽色情/低俗)
抽水,A.3,商业违法违规(赌博)
拍肩,A.3,商业违法违规(违禁品/迷药)
拐卖,A.1,违反核心价值观(暴力/人口贩卖)
拒捕,A.1,违反核心价值观(暴力/犯罪)
拆迁,A.1,违反核心价值观(社会民生/冲突)
拉登,A.1,违反核心价值观(政治敏感/恐怖分子)
招妓,A.1,违反核心价值观(淫秽色情/非法服务)
招嫖,A.1,违反核心价值观(淫秽色情/非法服务)
拜托,A.5,无法满足特定服务类型的安全需求(通用词)
拥有,A.5,无法满足特定服务类型的安全需求(通用词)
按摩,A.1,违反核心价值观(淫秽色情/色情服务暗示)
挣钱,A.3,商业违法违规(非法广告)
挂牌,A.3,商业违法违规(赌博/六合彩)
指压,A.1,违反核心价值观(淫秽色情/色情服务暗示)
挖苦,A.5,无法满足特定服务类型的安全需求(通用词)
振动棒,A.1,违反核心价值观(淫秽色情/成人用品)
捉奸,A.1,违反核心价值观(淫秽色情/低俗)
捅你,A.1,违反核心价值观(暴力/威胁)
捐精,A.5,无法满足特定服务类型的安全需求(医疗/低俗)
捕鱼,A.3,商业违法违规(赌博/游戏机)
探头,A.4,侵犯他人合法权益(隐私器材)
接客,A.1,违反核心价值观(淫秽色情/卖淫)
控制,A.5,无法满足特定服务类型的安全需求(通用词)
推油,A.1,违反核心价值观(淫秽色情/色情服务)
推翻,A.1,违反核心价值观(政治敏感/反动)
描述,A.5,无法满足特定服务类型的安全需求(通用词)
提款,A.3,商业违法违规(欺诈/金融)
插你,A.2,包含歧视性内容(侮辱谩骂)
插进去,A.1,违反核心价值观(淫秽色情/低俗)
握权,A.1,违反核心价值观(政治敏感/权力)
揭批,A.1,违反核心价值观(政治敏感/运动)
援交,A.1,违反核心价值观(淫秽色情/非法交易)
搜身,A.1,违反核心价值观(政治敏感/侵权)
搞死,A.1,违反核心价值观(暴力/威胁)
搞破鞋,A.1,违反核心价值观(淫秽色情/侮辱)
摄象,A.4,侵犯他人合法权益(隐私)
摆平,A.1,违反核心价值观(政治敏感/腐败)
摇钱树,A.3,商业违法违规(赌博)
摸奶,A.1,违反核心价值观(淫秽色情/低俗)
撒谎,A.5,无法满足特定服务类型的安全需求(通用词)
撞车,A.5,无法满足特定服务类型的安全需求(通用词)
撤职,A.1,违反核心价值观(政治敏感/人事)
播播,A.1,违反核心价值观(淫秽色情/播放器)
扑克,A.3,商业违法违规(赌博)
支票,A.3,商业违法违规(欺诈/假票)
支那,A.2,包含歧视性内容(民族歧视)
改号,A.3,商业违法违规(网络黑产/诈骗)
改革,A.1,违反核心价值观(政治敏感/政策)
攻击,A.3,商业违法违规(网络黑产/攻击)
放心,A.5,无法满足特定服务类型的安全需求(通用词)
政府,A.1,违反核心价值观(政治敏感/政府)
政权,A.1,违反核心价值观(政治敏感/颠覆)
政治,A.1,违反核心价值观(政治敏感/话题)
政法,A.1,违反核心价值观(政治敏感/机构)
政绩,A.1,违反核心价值观(政治敏感/官员)
政协,A.1,违反核心价值观(政治敏感/机构)
政变,A.1,违反核心价值观(政治敏感/反动)
救灾,A.1,违反核心价值观(政治敏感/社会事件)
教主,A.1,违反核心价值观(邪教)
教会,A.1,违反核心价值观(宗教/地下教会)
教程,A.3,商业违法违规(违禁品/制作教程)
教育,A.5,无法满足特定服务类型的安全需求(通用词)
散户,A.5,无法满足特定服务类型的安全需求(通用词)
敬礼,A.5,无法满足特定服务类型的安全需求(通用词)
数钱,A.5,无法满足特定服务类型的安全需求(通用词)
整人,A.5,无法满足特定服务类型的安全需求(通用词)
文书,A.3,商业违法违规(欺诈/假证)
文件,A.1,违反核心价值观(政治敏感/机密)
文革,A.1,违反核心价值观(政治敏感/历史)
斑蝥,A.3,商业违法违规(违禁品/毒性药材)
斗争,A.1,违反核心价值观(政治敏感/运动)
斯大林,A.1,违反核心价值观(政治敏感/历史人物)
新疆独立,A.1,违反核心价值观(政治敏感/分裂国家)
新闻,A.1,违反核心价值观(政治敏感/新闻管制)
方励之,A.1,违反核心价值观(政治敏感/异见人士)
施暴,A.1,违反核心价值观(暴力/犯罪)
旁听,A.5,无法满足特定服务类型的安全需求(通用词)
旅游,A.5,无法满足特定服务类型的安全需求(通用词)
旋风,A.3,商业违法违规(违禁品/炸药)
无助,A.5,无法满足特定服务类型的安全需求(通用词)
无官正,A.1,违反核心价值观(政治敏感/领导人谐音)
无帮国,A.1,违反核心价值观(政治敏感/领导人谐音)
无耻,A.2,包含歧视性内容(辱骂)
无良,A.5,无法满足特定服务类型的安全需求(通用词)
日你,A.2,包含歧视性内容(侮辱谩骂)
日军,A.1,违反核心价值观(政治敏感/历史)
日本,A.1,违反核心价值观(政治敏感/反日)
日治,A.1,违反核心价值观(政治敏感/历史)
日皇,A.1,违反核心价值观(政治敏感/历史)
旧事,A.5,无法满足特定服务类型的安全需求(通用词)
早泄,A.3,商业违法违规(违禁品/药品广告)
时光,A.5,无法满足特定服务类型的安全需求(通用词)
时代,A.5,无法满足特定服务类型的安全需求(通用词)
昆仑,A.5,无法满足特定服务类型的安全需求(通用词)
明慧,A.1,违反核心价值观(邪教/法轮功)
明慧网,A.1,违反核心价值观(邪教/法轮功)
昏药,A.3,商业违法违规(违禁品/迷药)
易趣,A.5,无法满足特定服务类型的安全需求(电商)
春宫,A.1,违反核心价值观(淫秽色情/低俗)
春药,A.3,商业违法违规(违禁品/药品)
显然,A.5,无法满足特定服务类型的安全需求(通用词)
普京,A.1,违反核心价值观(政治敏感/外国领导人)
景山,A.5,无法满足特定服务类型的安全需求(地名)
暴力,A.1,违反核心价值观(暴力/恐怖)
暴动,A.1,违反核心价值观(政治敏感/社会事件)
暴君,A.1,违反核心价值观(政治敏感/影射)
暴政,A.1,违反核心价值观(政治敏感/反动)
暴民,A.1,违反核心价值观(政治敏感/社会事件)
暴乱,A.1,违反核心价值观(政治敏感/社会事件)
曝光,A.1,违反核心价值观(社会民生/负面)
更名,A.5,无法满足特定服务类型的安全需求(通用词)
曾庆红,A.1,违反核心价值观(政治敏感/领导人)
曾培炎,A.1,违反核心价值观(政治敏感/领导人)
替考,A.3,商业违法违规(欺诈/考试作弊)
最快,A.3,商业违法违规(非法广告)
月经,A.1,违反核心价值观(淫秽色情/低俗)
有码,A.1,违反核心价值观(淫秽色情/视频)
服药,A.1,违反核心价值观(暴力/自杀)
朝廷,A.1,违反核心价值观(政治敏感/影射)
朝鲜,A.1,违反核心价值观(政治敏感/国际关系)
朦胧,A.5,无法满足特定服务类型的安全需求(通用词)
木马,A.3,商业违法违规(网络黑产/病毒)
末日,A.1,违反核心价值观(邪教/末世论)
本拉登,A.1,违反核心价值观(政治敏感/恐怖分子)
朱容基,A.1,违反核心价值观(政治敏感/领导人)
朱德,A.1,违反核心价值观(政治敏感/领导人)
朱镕基,A.1,违反核心价值观(政治敏感/领导人)
机会,A.5,无法满足特定服务类型的安全需求(通用词)
机密,A.1,违反核心价值观(政治敏感/保密)
机器,A.5,无法满足特定服务类型的安全需求(通用词)
机枪,A.3,商业违法违规(违禁品/枪支)
杀人,A.1,违反核心价值观(暴力/犯罪)
杂种,A.2,包含歧视性内容(辱骂)
权势,A.5,无法满足特定服务类型的安全需求(通用词)
权力,A.1,违反核心价值观(政治敏感/腐败)
权贵,A.1,违反核心价值观(政治敏感/阶层)
李大师,A.1,违反核心价值观(邪教/李洪志)
李岚清,A.1,违反核心价值观(政治敏感/领导人)
李志绥,A.1,违反核心价值观(政治敏感/禁书作者)
李扬,A.5,无法满足特定服务类型的安全需求(人名)
李敏,A.5,无法满足特定服务类型的安全需求(人名)
李月月鸟,A.1,违反核心价值观(政治敏感/李鹏)
李洪志,A.1,违反核心价值观(邪教/法轮功)
李瑞环,A.1,违反核心价值观(政治敏感/领导人)
李登辉,A.1,违反核心价值观(政治敏感/台湾政治人物)
李纳,A.5,无法满足特定服务类型的安全需求(人名)
李红志,A.1,违反核心价值观(邪教/李洪志变体)
李肇星,A.1,违反核心价值观(政治敏感/官员)
李铁映,A.1,违反核心价值观(政治敏感/官员)
李长春,A.1,违反核心价值观(政治敏感/领导人)
李鹏,A.1,违反核心价值观(政治敏感/领导人)
材料,A.5,无法满足特定服务类型的安全需求(通用词)
杜冷丁,A.3,商业违法违规(违禁品/毒品)
杨尚昆,A.1,违反核心价值观(政治敏感/领导人)
杨白冰,A.1,违反核心价值观(政治敏感/军方)
极品,A.1,违反核心价值观(淫秽色情/低俗)
林彪,A.1,违反核心价值观(政治敏感/历史人物)
枪决,A.1,违反核心价值观(政治敏感/死刑)
枪击,A.1,违反核心价值观(暴力/犯罪)
枪口,A.3,商业违法违规(违禁品/枪支)
枪声,A.1,违反核心价值观(政治敏感/六四)
枪手,A.3,商业违法违规(欺诈/代考)
枪支,A.3,商业违法违规(违禁品/枪支)
枪栓,A.3,商业违法违规(违禁品/枪支)
枪械,A.3,商业违法违规(违禁品/枪支)
柏杨,A.1,违反核心价值观(政治敏感/作家)
查封,A.1,违反核心价值观(政治敏感/封杀)
柳斌,A.5,无法满足特定服务类型的安全需求(人名)
柴玲,A.1,违反核心价值观(政治敏感/民运人士)
校花,A.1,违反核心价值观(淫秽色情/低俗)
核弹,A.3,商业违法违规(违禁品/武器)
核武器,A.3,商业违法违规(违禁品/武器)
核爆炸,A.1,违反核心价值观(政治敏感/灾难)
格斗,A.1,违反核心价值观(暴力/游戏)
桂敏海,A.1,违反核心价值观(政治敏感/书商)
桃色,A.1,违反核心价值观(淫秽色情/低俗)
案件,A.1,违反核心价值观(政治敏感/司法)
档案,A.1,违反核心价值观(政治敏感/机密)
桥牌,A.3,商业违法违规(赌博)
梁光烈,A.1,违反核心价值观(政治敏感/军方)
梦遗,A.1,违反核心价值观(淫秽色情/低俗)
检查,A.5,无法满足特定服务类型的安全需求(通用词)
模仿,A.5,无法满足特定服务类型的安全需求(通用词)
楼主,A.5,无法满足特定服务类型的安全需求(通用词)
樟脑,A.3,商业违法违规(违禁品/制毒原料)
模特,A.1,违反核心价值观(淫秽色情/低俗)
横幅,A.1,违反核心价值观(政治敏感/示威)
橡皮子弹,A.1,违反核心价值观(政治敏感/镇压)
欺压,A.1,违反核心价值观(政治敏感/社会不公)
欺负,A.5,无法满足特定服务类型的安全需求(通用词)
欺骗,A.5,无法满足特定服务类型的安全需求(通用词)
歌功颂德,A.1,违反核心价值观(政治敏感/讽刺)
正义,A.1,违反核心价值观(政治敏感/维权)
正大,A.5,无法满足特定服务类型的安全需求(通用词)
正方,A.5,无法满足特定服务类型的安全需求(通用词)
正法,A.1,违反核心价值观(邪教/法轮功)
正版,A.5,无法满足特定服务类型的安全需求(通用词)
武器,A.3,商业违法违规(违禁品/枪支)
武警,A.1,违反核心价值观(政治敏感/军方)
死刑,A.1,违反核心价值观(政治敏感/司法)
死难者,A.1,违反核心价值观(政治敏感/六四)
歼灭,A.5,无法满足特定服务类型的安全需求(通用词)
殷红,A.5,无法满足特定服务类型的安全需求(通用词)
毒品,A.3,商业违法违规(违禁品/毒品)
毒枭,A.3,商业违法违规(违禁品/毒品)
毒素,A.3,商业违法违规(违禁品/毒品)
毒药,A.3,商业违法违规(违禁品/毒品)
比基尼,A.1,违反核心价值观(淫秽色情/低俗)
毕福剑,A.1,违反核心价值观(政治敏感/名人)
毛主席,A.1,违反核心价值观(政治敏感/领导人)
毛泽东,A.1,违反核心价值观(政治敏感/领导人)
毛片,A.1,违反核心价值观(淫秽色情/色情视频)
毫克,A.3,商业违法违规(违禁品/计量单位)
民主,A.1,违反核心价值观(政治敏感/意识形态)
民国,A.1,违反核心价值观(政治敏感/历史)
民意,A.1,违反核心价值观(政治敏感/社会)
民警,A.1,违反核心价值观(政治敏感/警察)
民运,A.1,违反核心价值观(政治敏感/运动)
民选,A.1,违反核心价值观(政治敏感/选举)
气枪,A.3,商业违法违规(违禁品/枪支)
水箱,A.5,无法满足特定服务类型的安全需求(通用词)
永垂不朽,A.1,违反核心价值观(政治敏感/口号)
求购,A.3,商业违法违规(非法广告)
汇款,A.3,商业违法违规(欺诈/金融)
汉奸,A.2,包含歧视性内容(辱骂)
江八点,A.1,违反核心价值观(政治敏感/历史)
江泽民,A.1,违反核心价值观(政治敏感/领导人)
江青,A.1,违反核心价值观(政治敏感/四人帮)
汤守道,A.1,违反核心价值观(邪教/中功)
汪东兴,A.1,违反核心价值观(政治敏感/领导人)
汶川,A.1,违反核心价值观(社会民生/地震)
沐浴,A.1,违反核心价值观(淫秽色情/色情服务)
沙皇,A.1,违反核心价值观(政治敏感/影射)
没钱,A.5,无法满足特定服务类型的安全需求(通用词)
沦丧,A.5,无法满足特定服务类型的安全需求(通用词)
河南人,A.2,包含歧视性内容(地域歧视)
法轮,A.1,违反核心价值观(邪教/法轮功)
法轮功,A.1,违反核心价值观(邪教/法轮功)
波霸,A.1,违反核心价值观(淫秽色情/低俗)
泰罗,A.5,无法满足特定服务类型的安全需求(通用词)
洋妞,A.1,违反核心价值观(淫秽色情/低俗)
洗脑,A.1,违反核心价值观(政治敏感/意识形态)
洛阳,A.5,无法满足特定服务类型的安全需求(地名)
洞洞,A.1,违反核心价值观(淫秽色情/低俗)
洪传,A.1,违反核心价值观(邪教/法轮功)
洪志,A.1,违反核心价值观(邪教/李洪志)
活跃,A.5,无法满足特定服务类型的安全需求(通用词)
派别,A.1,违反核心价值观(政治敏感/党派)
流亡,A.1,违反核心价值观(政治敏感/异见人士)
流氓,A.1,违反核心价值观(社会民生/治安)
浆果,A.5,无法满足特定服务类型的安全需求(通用词)
浙江,A.5,无法满足特定服务类型的安全需求(地名)
浩劫,A.1,违反核心价值观(政治敏感/文革)
浪叫,A.1,违反核心价值观(淫秽色情/低俗)
海洛因,A.3,商业违法违规(违禁品/毒品)
涉黄,A.1,违反核心价值观(淫秽色情/违法)
润滑,A.1,违反核心价值观(淫秽色情/用品)
淫乱,A.1,违反核心价值观(淫秽色情/低俗)
淫亵,A.1,违反核心价值观(淫秽色情/低俗)
淫叫,A.1,违反核心价值观(淫秽色情/低俗)
淫妇,A.1,违反核心价值观(淫秽色情/侮辱)
淫媚,A.1,违反核心价值观(淫秽色情/低俗)
淫水,A.1,违反核心价值观(淫秽色情/低俗)
淫秽,A.1,违反核心价值观(淫秽色情/违法)
淫荡,A.1,违反核心价值观(淫秽色情/低俗)
淫魔,A.1,违反核心价值观(淫秽色情/变态)
深夜,A.5,无法满足特定服务类型的安全需求(通用词)
深喉,A.1,违反核心价值观(淫秽色情/低俗)
混乱,A.1,违反核心价值观(政治敏感/社会秩序)
清场,A.1,违反核心价值观(政治敏感/六四)
游行,A.1,违反核心价值观(政治敏感/示威)
温云松,A.1,违反核心价值观(政治敏感/家属)
温家宝,A.1,违反核心价值观(政治敏感/领导人)
港独,A.1,违反核心价值观(政治敏感/分裂国家)
游击,A.1,违反核心价值观(政治敏感/军事)
湖锦涛,A.1,违反核心价值观(政治敏感/领导人谐音)
湘军,A.5,无法满足特定服务类型的安全需求(历史/军事)
湮灭,A.5,无法满足特定服务类型的安全需求(通用词)
漂亮,A.5,无法满足特定服务类型的安全需求(通用词)
漫骂,A.2,包含歧视性内容(辱骂)
潜规则,A.1,违反核心价值观(社会民生/腐败)
潮吹,A.1,违反核心价值观(淫秽色情/低俗)
激凸,A.1,违反核心价值观(淫秽色情/低俗)
激情,A.1,违反核心价值观(淫秽色情/低俗)
火拼,A.1,违反核心价值观(暴力/冲突)
火药,A.3,商业违法违规(违禁品/爆炸物)
灭亡,A.1,违反核心价值观(政治敏感/反动)
灭共,A.1,违反核心价值观(政治敏感/反动)
灭口,A.1,违反核心价值观(暴力/犯罪)
灭绝,A.1,违反核心价值观(政治敏感/反人类)
灾难,A.5,无法满足特定服务类型的安全需求(通用词)
炜哥,A.3,商业违法违规(违禁品/药品)
点卡,A.3,商业违法违规(网络黑产/洗钱)
炼功,A.1,违反核心价值观(邪教/法轮功)
炸弹,A.3,商业违法违规(违禁品/爆炸物)
炸药,A.3,商业违法违规(违禁品/爆炸物)
烂逼,A.2,包含歧视性内容(侮辱谩骂)
热比娅,A.1,违反核心价值观(政治敏感/疆独)
热线,A.3,商业违法违规(非法广告)
熊焱,A.1,违反核心价值观(政治敏感/民运人士)
熊猫,A.1,违反核心价值观(政治敏感/网警)
爆乳,A.1,违反核心价值观(淫秽色情/低俗)
爆破,A.3,商业违法违规(违禁品/技术)
爱液,A.1,违反核心价值观(淫秽色情/低俗)
爷爷,A.5,无法满足特定服务类型的安全需求(称谓)
牛逼,A.2,包含歧视性内容(粗俗语)
牟其中,A.1,违反核心价值观(政治敏感/商人)
特务,A.1,违反核心价值观(政治敏感/间谍)
特区,A.5,无法满足特定服务类型的安全需求(行政区划)
特工,A.5,无法满足特定服务类型的安全需求(通用词)
特供,A.1,违反核心价值观(政治敏感/特权)
特首,A.1,违反核心价值观(政治敏感/香港)
狂操,A.1,违反核心价值观(淫秽色情/暴力)
狄仁杰,A.5,无法满足特定服务类型的安全需求(历史人物)
狗日,A.2,包含歧视性内容(侮辱谩骂)
狗腿,A.2,包含歧视性内容(侮辱)
独裁,A.1,违反核心价值观(政治敏感/政体)
独立,A.1,违反核心价值观(政治敏感/分裂国家)
狮子,A.5,无法满足特定服务类型的安全需求(通用词)
猎枪,A.3,商业违法违规(违禁品/枪支)
猪,A.2,包含歧视性内容(侮辱)
猪头,A.2,包含歧视性内容(侮辱)
献身,A.1,违反核心价值观(淫秽色情/色情服务)
王丹,A.1,违反核心价值观(政治敏感/民运人士)
王乐泉,A.1,违反核心价值观(政治敏感/官员)
王兆国,A.1,违反核心价值观(政治敏感/官员)
王军,A.5,无法满足特定服务类型的安全需求(人名)
王冶坪,A.1,违反核心价值观(政治敏感/家属)
王力雄,A.1,违反核心价值观(政治敏感/作家)
王岐山,A.1,违反核心价值观(政治敏感/领导人)
王希哲,A.1,违反核心价值观(政治敏感/异见人士)
王炳章,A.1,违反核心价值观(政治敏感/民运人士)
王瑞林,A.1,违反核心价值观(政治敏感/军方)
王立军,A.1,违反核心价值观(政治敏感/事件)
王若望,A.1,违反核心价值观(政治敏感/异见人士)
王震,A.1,违反核心价值观(政治敏感/元老)
玩弄,A.1,违反核心价值观(淫秽色情/低俗)
玮哥,A.3,商业违法违规(违禁品/药品)
环球,A.5,无法满足特定服务类型的安全需求(媒体)
现役,A.1,违反核心价值观(政治敏感/军方)
现场,A.5,无法满足特定服务类型的安全需求(通用词)
现金,A.3,商业违法违规(赌博/非法交易)
瓜葛,A.5,无法满足特定服务类型的安全需求(通用词)
生产,A.5,无法满足特定服务类型的安全需求(通用词)
产党,A.1,违反核心价值观(政治敏感/共产党)
田凤山,A.1,违反核心价值观(政治敏感/官员)
田纪云,A.1,违反核心价值观(政治敏感/领导人)
申冤,A.1,违反核心价值观(政治敏感/上访)
电击,A.3,商业违法违规(违禁品/警用器材)
电椅,A.1,违反核心价值观(暴力/刑具)
电棍,A.3,商业违法违规(违禁品/警用器材)
电话,A.3,商业违法违规(非法广告)
男妓,A.1,违反核心价值观(淫秽色情/职业)
男根,A.1,违反核心价值观(淫秽色情/低俗)
瘟家宝,A.1,违反核心价值观(政治敏感/领导人侮辱)
监禁,A.1,违反核心价值观(政治敏感/司法)
监督,A.1,违反核心价值观(政治敏感/社会)
监听,A.4,侵犯他人合法权益(隐私)
监狱,A.1,违反核心价值观(政治敏感/司法)
盘古,A.1,违反核心价值观(政治敏感/乐队/软件)
盲流,A.2,包含歧视性内容(社会歧视)
看守所,A.1,违反核心价值观(政治敏感/司法)
真善忍,A.1,违反核心价值观(邪教/法轮功)
真相,A.1,违反核心价值观(政治敏感/法轮功/六四)
眼线,A.1,违反核心价值观(政治敏感/特务)
短信,A.3,商业违法违规(非法广告)
砍刀,A.3,商业违法违规(违禁品/管制刀具)
砍杀,A.1,违反核心价值观(暴力/犯罪)
硬盘,A.1,违反核心价值观(淫秽色情/存储)
碧螺春,A.5,无法满足特定服务类型的安全需求(通用词)
示威,A.1,违反核心价值观(政治敏感/游行)
社论,A.1,违反核心价值观(政治敏感/四二六社论)
祖国,A.1,违反核心价值观(政治敏感/爱国主义)
祛斑,A.3,商业违法违规(非法广告/医疗)
神圣,A.5,无法满足特定服务类型的安全需求(通用词)
神棍,A.5,无法满足特定服务类型的安全需求(迷信)
神韵,A.1,违反核心价值观(邪教/法轮功演出)
禁书,A.1,违反核心价值观(政治敏感/出版物)
禁区,A.5,无法满足特定服务类型的安全需求(通用词)
禁片,A.1,违反核心价值观(淫秽色情/政治敏感)
福清,A.5,无法满足特定服务类型的安全需求(地名)
私人,A.5,无法满足特定服务类型的安全需求(通用词)
私服,A.3,商业违法违规(网络黑产/私服)
私欲,A.5,无法满足特定服务类型的安全需求(通用词)
种子,A.1,违反核心价值观(淫秽色情/资源)
科教,A.5,无法满足特定服务类型的安全需求(通用词)
秘密,A.1,违反核心价值观(政治敏感/机密)
秘闻,A.1,违反核心价值观(政治敏感/八卦)
租房,A.5,无法满足特定服务类型的安全需求(通用词)
程真,A.1,违反核心价值观(政治敏感/民运人士)
税票,A.3,商业违法违规(欺诈/非法发票)
穆斯林,A.1,违反核心价值观(宗教/民族)
窃听,A.4,侵犯他人合法权益(隐私)
窥视,A.4,侵犯他人合法权益(隐私)
立功,A.1,违反核心价值观(政治敏感/司法)
竞选,A.1,违反核心价值观(政治敏感/选举)
竹联帮,A.1,违反核心价值观(暴力/黑社会)
笑话,A.5,无法满足特定服务类型的安全需求(通用词)
笔供,A.1,违反核心价值观(政治敏感/司法)
答复,A.5,无法满足特定服务类型的安全需求(通用词)
答案,A.3,商业违法违规(欺诈/考试作弊)
策略,A.5,无法满足特定服务类型的安全需求(通用词)
管制,A.1,违反核心价值观(政治敏感/社会控制)
管教,A.1,违反核心价值观(政治敏感/劳教)
箱子,A.5,无法满足特定服务类型的安全需求(通用词)
米洛舍维奇,A.1,违反核心价值观(政治敏感/国际政治)
粉饰,A.1,违反核心价值观(政治敏感/宣传)
粗暴,A.1,违反核心价值观(暴力)
精液,A.1,违反核心价值观(淫秽色情/低俗)
精神病,A.2,包含歧视性内容(侮辱/被精神病)
糖衣炮弹,A.1,违反核心价值观(政治敏感/腐败)
系统,A.1,违反核心价值观(政治敏感/体制)
纪委,A.1,违反核心价值观(政治敏感/反腐)
纳粹,A.1,违反核心价值观(政治敏感/反人类)
纽带,A.5,无法满足特定服务类型的安全需求(通用词)
组织,A.1,违反核心价值观(政治敏感/非法组织)
结社,A.1,违反核心价值观(政治敏感/宪法权利)
统一,A.1,违反核心价值观(政治敏感/统战)
统战,A.1,违反核心价值观(政治敏感/部门)
绑架,A.1,违反核心价值观(暴力/犯罪)
经文,A.1,违反核心价值观(邪教/宗教)
维权,A.1,违反核心价值观(政治敏感/社会运动)
维稳,A.1,违反核心价值观(政治敏感/社会治理)
绿色,A.5,无法满足特定服务类型的安全需求(通用词)
缅甸,A.1,违反核心价值观(政治敏感/地区局势)
罢工,A.1,违反核心价值观(政治敏感/社会事件)
罢课,A.1,违反核心价值观(政治敏感/社会事件)
罗干,A.1,违反核心价值观(政治敏感/领导人)
美女,A.1,违反核心价值观(淫秽色情/低俗)
群交,A.1,违反核心价值观(淫秽色情/聚众淫乱)
群发,A.3,商业违法违规(非法广告)
翁安,A.1,违反核心价值观(政治敏感/群体事件)
翻墙,A.3,商业违法违规(网络黑产/突破封锁)
老不死的,A.2,包含歧视性内容(辱骂)
老公,A.5,无法满足特定服务类型的安全需求(通用词)
老子,A.5,无法满足特定服务类型的安全需求(通用词)
老毛,A.1,违反核心价值观(政治敏感/毛泽东)
老江,A.1,违反核心价值观(政治敏感/江泽民)
考前,A.3,商业违法违规(欺诈/考试作弊)
考后,A.3,商业违法违规(欺诈/考试作弊)
耳目,A.1,违反核心价值观(政治敏感/特务)
耶和华,A.1,违反核心价值观(宗教)
耶稣,A.1,违反核心价值观(宗教)
聚会,A.1,违反核心价值观(政治敏感/非法集会)
肉体,A.1,违反核心价值观(淫秽色情/低俗)
肉欲,A.1,违反核心价值观(淫秽色情/低俗)
肉棒,A.1,违反核心价值观(淫秽色情/低俗)
肉穴,A.1,违反核心价值观(淫秽色情/低俗)
肛交,A.1,违反核心价值观(淫秽色情/低俗)
肛门,A.1,违反核心价值观(淫秽色情/低俗)
肝脏,A.3,商业违法违规(非法交易/人体器官)
股民,A.5,无法满足特定服务类型的安全需求(金融)
股评,A.5,无法满足特定服务类型的安全需求(金融)
肢解,A.1,违反核心价值观(暴力/恐怖)
肥肉,A.5,无法满足特定服务类型的安全需求(通用词)
胡平,A.1,违反核心价值观(政治敏感/民运人士)
胡总,A.1,违反核心价值观(政治敏感/领导人)
胡温,A.1,违反核心价值观(政治敏感/领导人)
胡耀邦,A.1,违反核心价值观(政治敏感/领导人)
胡锦涛,A.1,违反核心价值观(政治敏感/领导人)
胸部,A.1,违反核心价值观(淫秽色情/低俗)
能干,A.5,无法满足特定服务类型的安全需求(通用词)
脚交,A.1,违反核心价值观(淫秽色情/低俗)
脸红,A.5,无法满足特定服务类型的安全需求(通用词)
脱光,A.1,违反核心价值观(淫秽色情/低俗)
脱衣,A.1,违反核心价值观(淫秽色情/低俗)
腐败,A.1,违反核心价值观(政治敏感/反腐)
肾脏,A.3,商业违法违规(非法交易/人体器官)
脑残,A.2,包含歧视性内容(辱骂)
腾笑,A.5,无法满足特定服务类型的安全需求(通用词)
自慰,A.1,违反核心价值观(淫秽色情/低俗)
自拍,A.1,违反核心价值观(淫秽色情/低俗)
自残,A.1,违反核心价值观(暴力/自伤)
自焚,A.1,违反核心价值观(政治敏感/法轮功)
自杀,A.1,违反核心价值观(暴力/自伤)
自由,A.1,违反核心价值观(政治敏感/价值观)
臭作,A.1,违反核心价值观(淫秽色情/游戏)
致富,A.3,商业违法违规(非法广告)
舐吸,A.1,违反核心价值观(淫秽色情/低俗)
舞弊,A.3,商业违法违规(欺诈/考试作弊)
航母,A.1,违反核心价值观(政治敏感/军事)
色情,A.1,违反核心价值观(淫秽色情/通用词)
色戒,A.1,违反核心价值观(淫秽色情/电影)
色狼,A.1,违反核心价值观(淫秽色情/低俗)
色诱,A.1,违反核心价值观(淫秽色情/犯罪)
艳照,A.1,违反核心价值观(淫秽色情/门事件)
艾滋,A.1,违反核心价值观(特定病患/社会歧视)
花花公子,A.1,违反核心价值观(淫秽色情/杂志)
芳名,A.5,无法满足特定服务类型的安全需求(通用词)
苍井空,A.1,违反核心价值观(淫秽色情/AV女优)
苏家屯,A.1,违反核心价值观(政治敏感/法轮功谣言)
苏绍智,A.1,违反核心价值观(政治敏感/学者)
苗头,A.5,无法满足特定服务类型的安全需求(通用词)
苛捐杂税,A.1,违反核心价值观(政治敏感/民生)
苦难,A.1,违反核心价值观(政治敏感/历史)
英雄,A.5,无法满足特定服务类型的安全需求(通用词)
茂名,A.1,违反核心价值观(政治敏感/PX事件)
范跑跑,A.1,违反核心价值观(社会民生/争议人物)
茅台,A.1,违反核心价值观(政治敏感/公款消费)
茉莉花,A.1,违反核心价值观(政治敏感/革命)
茶馆,A.1,违反核心价值观(政治敏感/舆论场所)
荆棘,A.5,无法满足特定服务类型的安全需求(通用词)
草泥马,A.2,包含歧视性内容(辱骂谐音)
药丸,A.3,商业违法违规(违禁品/药品)
药品,A.3,商业违法违规(违禁品/药品)
药库,A.3,商业违法违规(违禁品/药品)
荷枪实弹,A.1,违反核心价值观(暴力/军事)
获刑,A.1,违反核心价值观(政治敏感/司法)
莹莹,A.5,无法满足特定服务类型的安全需求(人名)
莽撞,A.5,无法满足特定服务类型的安全需求(通用词)
菊花,A.1,违反核心价值观(淫秽色情/隐喻)
蒋彦永,A.1,违反核心价值观(政治敏感/医生)
蒋介石,A.1,违反核心价值观(政治敏感/历史人物)
蒋经国,A.1,违反核心价值观(政治敏感/历史人物)
蒙汗药,A.3,商业违法违规(违禁品/迷药)
薄一波,A.1,违反核心价值观(政治敏感/元老)
薄熙来,A.1,违反核心价值观(政治敏感/落马官员)
藏独,A.1,违反核心价值观(政治敏感/分裂国家)
藤森,A.1,违反核心价值观(政治敏感/外国领导人)
虐待,A.1,违反核心价值观(暴力/虐待)
虐杀,A.1,违反核心价值观(暴力/犯罪)
处女,A.1,违反核心价值观(淫秽色情/低俗)
处决,A.1,违反核心价值观(政治敏感/司法)
蛇头,A.3,商业违法违规(非法业务/偷渡)
蛋疼,A.2,包含歧视性内容(粗俗语)
蛤蟆,A.1,违反核心价值观(政治敏感/江泽民侮辱)
蜜穴,A.1,违反核心价值观(淫秽色情/低俗)
血卡,A.1,违反核心价值观(政治敏感/六四)
血案,A.1,违反核心价值观(暴力/犯罪)
血腥,A.1,违反核心价值观(暴力/血腥)
行贿,A.3,商业违法违规(欺诈/腐败)
街头,A.1,违反核心价值观(政治敏感/运动)
袭警,A.1,违反核心价值观(暴力/犯罪)
西单,A.1,违反核心价值观(政治敏感/民主墙)
西藏,A.1,违反核心价值观(政治敏感/地区)
要犯,A.1,违反核心价值观(政治敏感/通缉)
覆灭,A.1,违反核心价值观(政治敏感/反动)
见证,A.5,无法满足特定服务类型的安全需求(通用词)
观察,A.5,无法满足特定服务类型的安全需求(通用词)
观看,A.5,无法满足特定服务类型的安全需求(通用词)
规定,A.5,无法满足特定服务类型的安全需求(通用词)
视频,A.1,违反核心价值观(淫秽色情/低俗)
亲民党,A.1,违反核心价值观(政治敏感/台湾政党)
解体,A.1,违反核心价值观(政治敏感/反动)
解放,A.1,违反核心价值观(政治敏感/解放军)
解禁,A.1,违反核心价值观(政治敏感/审查)
触目惊心,A.5,无法满足特定服务类型的安全需求(通用词)
言论,A.1,违反核心价值观(政治敏感/自由)
计生,A.1,违反核心价值观(政治敏感/政策)
订购,A.3,商业违法违规(非法广告)
讨债,A.1,违反核心价值观(社会民生/纠纷)
训练,A.1,违反核心价值观(政治敏感/军事)
记者,A.1,违反核心价值观(政治敏感/媒体)
许家屯,A.1,违反核心价值观(政治敏感/出走官员)
访民,A.1,违反核心价值观(政治敏感/上访)
设局,A.3,商业违法违规(欺诈)
证件,A.3,商业违法违规(欺诈/办证)
诈骗,A.3,商业违法违规(欺诈/犯罪)
评选,A.5,无法满足特定服务类型的安全需求(通用词)
诅咒,A.5,无法满足特定服务类型的安全需求(通用词)
试玩,A.5,无法满足特定服务类型的安全需求(通用词)
诗集,A.5,无法满足特定服务类型的安全需求(通用词)
诚聘,A.3,商业违法违规(非法广告)
话费,A.5,无法满足特定服务类型的安全需求(通用词)
诞辰,A.1,违反核心价值观(政治敏感/纪念)
诱惑,A.1,违反核心价值观(淫秽色情/低俗)
语录,A.1,违反核心价值观(政治敏感/毛泽东语录)
误国,A.1,违反核心价值观(政治敏感/批判)
说谎,A.5,无法满足特定服务类型的安全需求(通用词)
请愿,A.1,违反核心价值观(政治敏感/示威)
读职,A.1,违反核心价值观(政治敏感/渎职)
诽谤,A.4,侵犯他人合法权益(名誉权)
调教,A.1,违反核心价值观(淫秽色情/SM)
谈判,A.1,违反核心价值观(政治敏感/外交)
谎言,A.1,违反核心价值观(政治敏感/攻击)
谋杀,A.1,违反核心价值观(暴力/犯罪)
警察,A.1,违反核心价值观(政治敏感/执法)
警车,A.1,违反核心价值观(政治敏感/执法)
警匪,A.1,违反核心价值观(政治敏感/警匪一家)
警惕,A.5,无法满足特定服务类型的安全需求(通用词)
警界,A.1,违反核心价值观(政治敏感/政法)
警署,A.1,违反核心价值观(政治敏感/机构)
警花,A.1,违反核心价值观(淫秽色情/色情文学)
警钟,A.5,无法满足特定服务类型的安全需求(通用词)
议员,A.1,违反核心价值观(政治敏感/境外政治)
谢长廷,A.1,违反核心价值观(政治敏感/台湾政治人物)
谣言,A.5,无法满足特定服务类型的安全需求(不实信息)
谴责,A.1,违反核心价值观(政治敏感/外交)
豆腐渣,A.1,违反核心价值观(社会民生/质量问题)
豪乳,A.1,违反核心价值观(淫秽色情/低俗)
豪宅,A.1,违反核心价值观(政治敏感/腐败)
贝利亚,A.1,违反核心价值观(政治敏感/苏联历史)
贞操,A.1,违反核心价值观(淫秽色情/低俗)
贡献,A.5,无法满足特定服务类型的安全需求(通用词)
贪官,A.1,违反核心价值观(政治敏感/腐败)
贪污,A.1,违反核心价值观(政治敏感/腐败)
购买,A.3,商业违法违规(非法广告)
贴图,A.1,违反核心价值观(淫秽色情/色情图片)
贵州,A.1,违反核心价值观(社会民生/瓮安事件)
贷款,A.3,商业违法违规(欺诈/非法金融)
贸易,A.5,无法满足特定服务类型的安全需求(通用词)
贺国强,A.1,违反核心价值观(政治敏感/领导人)
贺龙,A.1,违反核心价值观(政治敏感/元帅)
贾庆林,A.1,违反核心价值观(政治敏感/领导人)
贿赂,A.1,违反核心价值观(政治敏感/腐败)
资料,A.5,无法满足特定服务类型的安全需求(通用词)
资产,A.1,违反核心价值观(政治敏感/资产转移)
资格证,A.3,商业违法违规(欺诈/办证)
赛马,A.3,商业违法违规(赌博)
赵紫阳,A.1,违反核心价值观(政治敏感/领导人)
赶下台,A.1,违反核心价值观(政治敏感/反动)
起义,A.1,违反核心价值观(政治敏感/反动)
超标,A.1,违反核心价值观(社会民生/食品安全)
足球,A.3,商业违法违规(赌博/赌球)
躁动,A.5,无法满足特定服务类型的安全需求(通用词)
蹄子,A.5,无法满足特定服务类型的安全需求(通用词)
蹂躏,A.1,违反核心价值观(暴力/虐待)
身份,A.3,商业违法违规(欺诈/身份证生成)
躲猫猫,A.1,违反核心价值观(社会民生/看守所死因)
车祸,A.1,违反核心价值观(社会民生/事故)
轮功,A.1,违反核心价值观(邪教/法轮功)
轮奸,A.1,违反核心价值观(淫秽色情/犯罪)
转世,A.1,违反核心价值观(宗教/达赖喇嘛)
转让,A.3,商业违法违规(非法广告)
轮盘,A.3,商业违法违规(赌博)
软禁,A.1,违反核心价值观(政治敏感/人权)
轰炸,A.1,违反核心价值观(暴力/恐怖)
辛灏年,A.1,违反核心价值观(政治敏感/异见人士)
办证,A.3,商业违法违规(欺诈/非法广告)
辞职,A.1,违反核心价值观(政治敏感/人事)
辽宁,A.1,违反核心价值观(政治敏感/贿选)
达赖,A.1,违反核心价值观(政治敏感/分裂国家)
迅雷,A.1,违反核心价值观(淫秽色情/资源下载)
迈巴赫,A.5,无法满足特定服务类型的安全需求(豪车)
运动,A.1,违反核心价值观(政治敏感/政治运动)
近期,A.5,无法满足特定服务类型的安全需求(通用词)
近亲,A.1,违反核心价值观(淫秽色情/乱伦)
违宪,A.1,违反核心价值观(政治敏感/法律)
违章,A.3,商业违法违规(非法业务/代办)
连战,A.1,违反核心价值观(政治敏感/台湾政治人物)
迷幻,A.3,商业违法违规(违禁品/毒品)
迷奸,A.1,违反核心价值观(淫秽色情/犯罪)
迷昏,A.3,商业违法违规(违禁品/迷药)
迷药,A.3,商业违法违规(违禁品/迷药)
迷魂,A.3,商业违法违规(违禁品/迷药)
追查,A.1,违反核心价值观(政治敏感/追查国际)
退伍,A.1,违反核心价值观(政治敏感/涉军维权)
退党,A.1,违反核心价值观(政治敏感/反动)
退团,A.1,违反核心价值观(政治敏感/反动)
逃亡,A.1,违反核心价值观(政治敏感/异见人士)
逃犯,A.1,违反核心价值观(暴力/犯罪)
选票,A.1,违反核心价值观(政治敏感/选举)
选举,A.1,违反核心价值观(政治敏感/选举)
透视,A.4,侵犯他人合法权益(隐私器材)
通奸,A.1,违反核心价值观(淫秽色情/道德)
通缉,A.1,违反核心价值观(政治敏感/司法)
造反,A.1,违反核心价值观(政治敏感/反动)
造谣,A.5,特定服务安全风险(谣言)
逼供,A.1,违反核心价值观(政治敏感/司法)
遗书,A.1,违反核心价值观(暴力/自杀)
遥控器,A.3,商业违法违规(赌博/作弊)
邓小平,A.1,违反核心价值观(政治敏感/领导人)
避孕,A.1,违反核心价值观(淫秽色情/用品)
邦国,A.1,违反核心价值观(政治敏感/领导人)
邪教,A.1,违反核心价值观(邪教)
邪恶,A.1,违反核心价值观(政治敏感/攻击党政)
邮寄,A.3,商业违法违规(非法物流)
都让,A.5,无法满足特定服务类型的安全需求(通用词)
配方,A.3,商业违法违规(违禁品/毒品制作)
酒井法子,A.1,违反核心价值观(社会民生/涉毒艺人)
酥胸,A.1,违反核心价值观(淫秽色情/低俗)
酷刑,A.1,违反核心价值观(暴力/虐待)
醉驾,A.1,违反核心价值观(社会民生/犯罪)
重婚,A.1,违反核心价值观(道德/法律)
重金,A.3,商业违法违规(非法广告/重金求子)
野战,A.1,违反核心价值观(淫秽色情/低俗)
金正日,A.1,违反核心价值观(政治敏感/外国领导人)
金融,A.3,商业违法违规(欺诈/非法金融)
钩子,A.5,无法满足特定服务类型的安全需求(通用词)
钦点,A.1,违反核心价值观(政治敏感/人事)
钱其琛,A.1,违反核心价值观(政治敏感/领导人)
钱运录,A.1,违反核心价值观(政治敏感/官员)
钻空子,A.5,无法满足特定服务类型的安全需求(通用词)
铁血,A.1,违反核心价值观(政治敏感/论坛)
铃声,A.3,商业违法违规(网络黑产/SP业务)
铅弹,A.3,商业违法违规(违禁品/枪支)
银监会,A.1,违反核心价值观(政治敏感/机构)
银行,A.3,商业违法违规(欺诈/银行卡复制)
银行卡,A.3,商业违法违规(欺诈/买卖银行卡)
销售,A.3,商业违法违规(非法广告)
锁码,A.3,商业违法违规(网络黑产/解码)
镇压,A.1,违反核心价值观(政治敏感/六四)
长春,A.1,违反核心价值观(政治敏感/法轮功)
门徒会,A.1,违反核心价值观(邪教)
闪电,A.1,违反核心价值观(邪教/东方闪电)
问责,A.1,违反核心价值观(政治敏感/行政)
阎明复,A.1,违反核心价值观(政治敏感/官员)
防暴,A.1,违反核心价值观(政治敏感/警用)
阴唇,A.1,违反核心价值观(淫秽色情/低俗)
阴囊,A.1,违反核心价值观(淫秽色情/低俗)
阴户,A.1,违反核心价值观(淫秽色情/低俗)
阴毛,A.1,违反核心价值观(淫秽色情/低俗)
阴沟,A.5,无法满足特定服务类型的安全需求(通用词)
阴茎,A.1,违反核心价值观(淫秽色情/低俗)
阴蒂,A.1,违反核心价值观(淫秽色情/低俗)
阴道,A.1,违反核心价值观(淫秽色情/低俗)
阴部,A.1,违反核心价值观(淫秽色情/低俗)
陈良宇,A.1,违反核心价值观(政治敏感/落马官员)
陈希同,A.1,违反核心价值观(政治敏感/落马官员)
陈水扁,A.1,违反核心价值观(政治敏感/台独)
陪睡,A.1,违反核心价值观(淫秽色情/色情服务)
隆胸,A.1,违反核心价值观(淫秽色情/医疗广告)
隐私,A.4,侵犯他人合法权益(隐私)
隐瞒,A.1,违反核心价值观(政治敏感/瞒报)
雅号,A.5,无法满足特定服务类型的安全需求(通用词)
集会,A.1,违反核心价值观(政治敏感/示威)
集团,A.1,违反核心价值观(政治敏感/利益集团)
集体,A.1,违反核心价值观(政治敏感/群体事件)
雍正,A.5,无法满足特定服务类型的安全需求(通用词)
雏妓,A.1,违反核心价值观(淫秽色情/犯罪)
雕牌,A.5,无法满足特定服务类型的安全需求(品牌/可能误伤)
霉素,A.3,商业违法违规(违禁品/药品)
霍乱,A.1,违反核心价值观(社会民生/疫情)
霸占,A.5,无法满足特定服务类型的安全需求(通用词)
青帮,A.1,违反核心价值观(暴力/黑社会)
靖国神社,A.1,违反核心价值观(政治敏感/反日)
静坐,A.1,违反核心价值观(政治敏感/示威)
非典,A.1,违反核心价值观(社会民生/疫情)
面具,A.5,无法满足特定服务类型的安全需求(通用词)
韩正,A.1,违反核心价值观(政治敏感/领导人)
项怀诚,A.1,违反核心价值观(政治敏感/官员)
预警,A.5,无法满足特定服务类型的安全需求(通用词)
领土,A.1,违反核心价值观(政治敏感/主权)
领导,A.1,违反核心价值观(政治敏感/官员)
颜射,A.1,违反核心价值观(淫秽色情/低俗)
颠覆,A.1,违反核心价值观(政治敏感/国家安全)
风波,A.1,违反核心价值观(政治敏感/六四)
风流,A.1,违反核心价值观(淫秽色情/低俗)
飙车,A.1,违反核心价值观(社会民生/交通违法)
飞车,A.1,违反核心价值观(社会民生/抢劫)
香烟,A.3,商业违法违规(非法交易/烟草)
香港,A.1,违反核心价值观(政治敏感/地区)
马加爵,A.1,违反核心价值观(暴力/犯罪)
马英九,A.1,违反核心价值观(政治敏感/台湾领导人)
驳壳枪,A.3,商业违法违规(违禁品/枪支)
骚,A.1,违反核心价值观(淫秽色情/低俗)
骚乱,A.1,违反核心价值观(政治敏感/社会事件)
骚妇,A.1,违反核心价值观(淫秽色情/低俗)
骚扰,A.1,违反核心价值观(淫秽色情/性骚扰)
骚水,A.1,违反核心价值观(淫秽色情/低俗)
骚货,A.1,违反核心价值观(淫秽色情/辱骂)
骆家辉,A.1,违反核心价值观(政治敏感/美国官员)
高干,A.1,违反核心价值观(政治敏感/官员)
高强,A.1,违反核心价值观(政治敏感/官员)
高潮,A.1,违反核心价值观(淫秽色情/低俗)
高行健,A.1,违反核心价值观(政治敏感/异见人士)
高达,A.5,无法满足特定服务类型的安全需求(动漫/可能误伤)
鬼子,A.2,包含歧视性内容(民族歧视)
魏京生,A.1,违反核心价值观(政治敏感/民运人士)
魔兽世界,A.5,无法满足特定服务类型的安全需求(游戏/可能误伤)
鲁迅,A.5,无法满足特定服务类型的安全需求(作家/可能误伤)
鲍彤,A.1,违反核心价值观(政治敏感/异见人士)
鸟巢,A.1,违反核心价值观(政治敏感/地标)
鸡巴,A.1,违反核心价值观(淫秽色情/低俗)
鸭子,A.1,违反核心价值观(淫秽色情/侮辱)
麻古,A.3,商业违法违规(违禁品/毒品)
麻将,A.3,商业违法违规(赌博)
麻痹,A.2,包含歧视性内容(辱骂)
麻醉,A.3,商业违法违规(违禁品/管制药品)
黄埔,A.5,无法满足特定服务类型的安全需求(通用词)
黄奇帆,A.1,违反核心价值观(政治敏感/官员)
黄宏,A.1,违反核心价值观(社会民生/名人)
黄片,A.1,违反核心价值观(淫秽色情/低俗)
黄菊,A.1,违反核心价值观(政治敏感/领导人)
黄色,A.1,违反核心价值观(淫秽色情/通用词)
黄雀行动,A.1,违反核心价值观(政治敏感/六四)
黎阳,A.1,违反核心价值观(政治敏感/左派文人)
黑客,A.3,商业违法违规(网络黑产)
黑帮,A.1,违反核心价值观(暴力/黑社会)
黑手,A.1,违反核心价值观(政治敏感/隐喻)
黑社会,A.1,违反核心价值观(暴力/黑社会)
黑金,A.1,违反核心价值观(政治敏感/腐败)
黔驴技穷,A.5,无法满足特定服务类型的安全需求(成语/可能误伤)
齐b,A.1,违反核心价值观(淫秽色情/低俗)
龙虎,A.3,商业违法违规(赌博/游戏机)